id,seqnames,start,end,ref_count,alt_count,ref_count_plus,alt_count_plus,ref_count_minus,alt_count_minus,k562_ref_mean,k562_ref_median,k562_alt_mean,k562_alt_median,k562_wilcox_pval,k562_wilcox_pval_rand,hepg2_ref_mean,hepg2_ref_median,hepg2_alt_mean,hepg2_alt_median,hepg2_wilcox_pval,hepg2_wilcox_pval_rand,region_start,region_end
rs10878278,chr12,40653988,40653988,101,23,61,15,40,8,0.3813730868060361,0,1.5931017396288245,1.3838383838383839,1.9362663834070913e-5,0.7682775334891908,0.3437341625399836,0,0.02267473858007705,0,0.437735984554411,0.9837070275291948,40590585,40763013
rs2249281,chr12,40631358,40631358,129,215,61,101,68,114,1.3163703867928718,0,3.540691586504868,0.9629629629629629,3.0007454082184596e-5,0.709600328651357,1.6009564756240429,0,4.329037032259957,0,5.610828187528544e-4,0.4521918471369337,40590585,40763013
rs2638273,chr12,40610221,40610221,37,216,18,106,19,110,1.21213330003932,0.6954314720812182,0.6111277161925504,0,7.421648918705632e-5,0.3724327758466034,4.761416897268127,0,0.9412154332563922,0,0.0017952680211746107,0.6093420261425655,40590585,40763013
rs77516464,chr12,40708414,40708414,393,56,191,24,202,32,0.8888319539109861,0,2.250554535017501,0,8.603441843694403e-5,0.24843011620135372,0.4900503570525563,0,1.5844550480445685,0,0.058075666801018506,0.7764696179041818,40590585,40763013
rs1365764,chr12,40737002,40737002,23,180,13,90,10,90,2.1951420195938143,0.8243243243243243,0.5797969082667593,0,5.22396551667373e-4,0.9812492687274946,0.4668331374853114,0,0.6812661252696579,0,0.5336170744904183,0.7087790151102691,40590585,40763013
rs4768224,chr12,40661403,40661403,111,325,66,170,45,155,0.7690348524295637,0,0.41479933932058355,0,5.422752961361599e-4,0.7756597931808796,0.3118545293224301,0,0.2959290816337826,0,0.6103373823723875,0.19862931059378447,40590585,40763013
rs75024792,chr12,40615293,40615293,174,37,87,22,87,15,0.3159993283301817,0,0.8690121184541189,0,5.935266614981043e-4,0.1547505111742722,0.5268660129287719,0,0.2190766394434348,0,0.7549215654555874,0.7527055582740009,40590585,40763013
rs6581667,chr12,40731506,40731506,39,319,18,133,21,186,1.3750434111588816,0,0.48898239657945275,0,0.002314292903730653,0.9223896070623823,0.38482188482188484,0,0.411159296434759,0,0.6401768255326084,0.5944660109684495,40590585,40763013
rs1491942,chr12,40620808,40620808,321,60,184,31,137,29,3.6065354511353025,1.4,1.5758375744661908,0,0.00246897847700886,0.2748498095750757,0.9540685846902323,0,1.1220431316941217,0,0.14136265863300357,0.6939143827054841,40590585,40763013
rs2708433,chr12,40610098,40610098,32,240,16,119,16,121,1.0613568720888868,0.23141891891891891,0.5762376035090461,0,0.003144573244724729,0.06176527458627284,0.9275063932569058,0,0.8895567482370871,0,0.8916959174277206,0.5977669249177311,40590585,40763013
rs10878249,chr12,40633314,40633314,102,161,39,69,63,92,1.7080070569073407,0,0.7527480460123562,0,0.0032234496791853262,0.1941245334379925,0.3227816333973513,0,0.10375324955320905,0,0.7948826877971811,0.7093656254710075,40590585,40763013
rs11175775,chr12,40658255,40658255,181,179,88,83,93,96,0.7405009785816462,0,0.40972442256742875,0,0.00761387380959904,0.5382705948307047,0.6056587749683584,0,0.6609030008929788,0,0.8769056417952139,0.843720646945376,40590585,40763013
rs2896978,chr12,40755416,40755416,31,149,14,76,17,73,1.1347776853791687,0,0.3493165123499965,0,0.009641066755282262,0.33171440961008736,0.42853625661192396,0,0.6857688194940955,0,0.8322700368893227,0.7441470315596239,40590585,40763013
rs715402,chr12,40731214,40731214,30,184,13,75,17,109,1.3942841446016192,0.6932760440223127,0.5901057246922163,0,0.01100216623918787,0.8133644053205383,0.08531353135313531,0,0.6164948080510204,0,0.09763000700031121,0.24145049797573687,40590585,40763013
rs7954061,chr12,40736010,40736010,57,364,28,196,29,168,1.9074402601633453,0.9721115537848606,1.7491274109692112,0,0.011367726827787228,0.5080021455720785,4.154199214900122,0,2.494926673473261,0,0.07515897907993593,0.5203411859336888,40590585,40763013
rs7302841,chr12,40729655,40729655,148,236,80,118,68,118,0.9254931913973555,0,0.5512792074831291,0,0.011948286584403875,0.8311196466226092,0.5131146452303826,0,0.39985761775861506,0,0.0045084151027445,0.43017433359742985,40590585,40763013
rs1035812,chr12,40736782,40736782,58,361,24,176,34,185,1.7429906530357486,0,0.9024029198569534,0,0.014048525170401645,0.019029585024576263,0.09988992880974114,0,0.8266569661904098,0,0.29194306451093366,0.5439533302505462,40590585,40763013
rs7313525,chr12,40744183,40744183,42,349,19,164,23,185,1.013947443211289,0,0.6845346676849416,0,0.014250862292360793,0.8987573154098383,0.9710827363515712,0,0.4884027626626052,0,0.5229649716297466,0.44639581362836983,40590585,40763013
rs57374150,chr12,40611984,40611984,134,38,72,22,62,16,0.7093264029614776,0,0.9782757216295005,0.2635135135135135,0.01598647709260182,0.7851477214288853,1.5235446545164348,0,0.027518033662837296,0,0.1852514375268456,0.20466039032299127,40590585,40763013
rs112767992,chr12,40747269,40747269,23,24,5,14,18,10,0.32888013543448646,0,0,0,0.017993698448145353,0.6474946925481315,0.07320123124278569,0,0.13709125659904303,0,0.5979818129774994,0.5806642297180176,40590585,40763013
rs11175656,chr12,40623755,40623755,52,29,30,24,22,5,1.605770812607883,0,0.2532018565459878,0,0.020149060379306163,0.8725262346111035,0.7174775901605169,0,0.2502067555512171,0,0.870743718599897,0.422135547426863,40590585,40763013
rs17519804,chr12,40667612,40667612,220,40,117,23,103,17,1.0610842907356985,0,1.8667449273827215,0.37027027027027026,0.02047935296182547,0.3014836607276334,0.8471125386933287,0,3.451110717319565,0,0.5790510901229768,0.8781903488179396,40590585,40763013
rs4768231,chr12,40737183,40737183,15,58,7,40,8,18,2.3919421976288335,0,0.49265582413898795,0,0.022977336169461966,0.3437997897623635,0.17062706270627062,0,1.6520095623036284,0,1,0.23609274903071031,40590585,40763013
rs58793646,chr12,40678662,40678662,374,19,170,12,204,7,0.3607460240777806,0,0.9738961282349193,0,0.029452759844149145,0.39620155153111297,0.5851149172543545,0,0.32277596646483464,0,0.6885277080605239,0.6323889743511364,40590585,40763013
rs2723264,chr12,40652520,40652520,77,403,41,219,36,184,1.1360433401884398,0,0.8301727522655945,0,0.03084902104749451,0.3270968127722577,0.39220139981683955,0,0.4468960937899668,0,0.5153847794435931,0.35392955507471874,40590585,40763013
rs12316801,chr12,40720299,40720299,143,14,57,10,86,4,4.1991942888184095,1.872340425531915,2.87501382078519,0,0.033229790680727775,0.04139952619797161,9.364476640415516,1.6858407079646018,4.349171952566984,0,0.19518361368199644,0.04705157187588841,40590585,40763013
rs4767967,chr12,40597869,40597869,273,136,155,69,118,67,0.8009773196756587,0,0.6219984672375284,0,0.03342147931726127,0.27337970615852214,1.0265244355214511,0,0.7973791138230376,0,0.5885948249380482,0.03127121385919721,40590585,40763013
rs2708420,chr12,40592501,40592501,145,201,78,99,67,102,1.317183548687925,0,1.8728776191911247,0.32786885245901637,0.03529271489499682,0.6211335044187527,0.6777271851130109,0,0.9816568136308477,0,0.8528398117360934,0.2700019841565959,40590585,40763013
rs7973058,chr12,40708845,40708845,132,107,62,42,70,65,0.9993188686954868,0,0.7092732631242262,0,0.0353648416571054,0.9385504189910322,0.732846680800759,0,0.8045878311430171,0,0.5759898640940757,0.16207415909298298,40590585,40763013
rs10784451,chr12,40649888,40649888,250,28,123,16,127,12,0.7850707370720708,0,0.7379833449541325,0,0.03922050270621934,0.622948605159092,0.890043597813543,0,3.2941049819267643,0,0.835076802448116,0.6191055611203211,40590585,40763013
rs2708421,chr12,40593403,40593403,140,215,62,110,78,105,0.5370464366841871,0,1.3077505166710985,0,0.03927023381239979,0.6009130532139758,0.3250363717548613,0,0.5791788505997131,0,0.4097683322033906,0.968598541168732,40590585,40763013
rs12368227,chr12,40747434,40747434,39,82,20,44,19,38,0.7855655495254993,0,0.4205684549389515,0,0.04027357350310063,0.7349839160175495,3.095162397015118,0,0.20921099005250815,0,0.018119071510457295,0.3168875043953899,40590585,40763013
rs4310676,chr12,40679871,40679871,102,262,45,125,57,137,0.5346992694486327,0,0.5646719323788842,0,0.04130572906822038,0.44771112485704906,0.14854304453577,0,0.39780080338380513,0,0.07783828475357449,0.1637691200686677,40590585,40763013
rs73277533,chr12,40751527,40751527,189,13,90,7,99,6,1.5284116648260364,0,2.882127001460661,1.370808678500986,0.04195517890208468,0.3110287618302095,0.6525253671567786,0,0.8395837973768228,0,0.07592835787124978,0.22595081781481527,40590585,40763013
rs7307310,chr12,40745181,40745181,23,129,11,57,12,72,1.3590622186742263,0,0.766032499492181,0,0.04565603775502926,0.577827495603133,1.2153046238818945,0,0.5391905055875303,0,0.12801251825726004,0.40067103308265395,40590585,40763013
rs17443414,chr12,40644752,40644752,66,11,18,8,48,3,1.230962922266718,0,0.06948465547191662,0,0.0478333305840689,0.7166553217137523,0.5351053030202295,0,1.2754495504495507,0,0.6154127183327777,0.13488161731421508,40590585,40763013
rs2723256,chr12,40607526,40607526,66,299,37,151,29,148,1.8655935458155857,0,1.2338967583722376,0,0.0484210246246482,0.911865619391941,1.0915878056368165,0,1.0053175701727444,0,0.4246333796437234,0.5497981403046841,40590585,40763013
rs2708440,chr12,40623730,40623730,20,106,14,57,6,49,1.4160559111987683,0,0.8824750459318227,0,0.04929323076372,0.2809647804408262,0.27222222222222225,0,0.31838118556283523,0,0.7253005314442903,0.6974500591727304,40590585,40763013
rs1427267,chr12,40708892,40708892,52,236,22,104,30,132,1.2137399121006063,0.12547348484848483,1.0153051099758574,0,0.05108493185177158,0.7821419199686108,0.41145172209528647,0,0.8918143921695163,0,0.22926633234639915,0.9155919456418268,40590585,40763013
rs1602578,chr12,40613997,40613997,140,77,63,34,77,43,0.8591656060685954,0,0.24822257355130192,0,0.05195594836007363,0.28266299791185495,0.8355316653243903,0,0.4705372641739529,0,0.9690507646966546,0.5605783379466676,40590585,40763013
rs4567538,chr12,40621904,40621904,177,60,85,28,92,32,1.0078529719198956,0,0.5559948183244973,0,0.05220460975967288,0.45589305592977447,0.6576031855616825,0,0.830719726092742,0,0.7068951417495725,0.9577622900509084,40590585,40763013
rs2404836,chr12,40755476,40755476,39,183,21,88,18,95,0.6902194089179396,0,0.47124565421819115,0,0.05714083425521074,0.3369675315770386,0.257774439910634,0,1.2057710800881498,0,0.3417160924862147,0.532061323731496,40590585,40763013
rs11175845,chr12,40675052,40675052,103,126,49,80,54,46,0.6923588037456652,0,0.6493434505029013,0,0.06037276180403771,0.8482835231546983,0.613674149752406,0,1.8659898982965224,0,0.4000488652986342,0.3691430468222895,40590585,40763013
rs11176052,chr12,40723900,40723900,109,51,41,25,68,26,0.3210575266933927,0,0.8116096919994905,0,0.06171440826144731,0.8651286719019149,0.48507829799463503,0,0.05571785455885765,0,0.2244638060511171,0.45102791105885265,40590585,40763013
rs536717246,chr12,40719955,40719955,294,35,142,19,152,16,1.84193537318582,0,1.9795241218182176,0.9928057553956835,0.061901161989937344,0.9698454807822151,1.6531837692896536,0,0.477019432573212,0,0.2429491629768067,0.40946269714884315,40590585,40763013
rs721712,chr12,40709318,40709318,17,200,10,106,7,94,1.5688426584003559,0.6192893401015228,1.3394708815769842,0,0.06281608959757728,0.1405179316474368,0.3863584644401331,0,1.0225173376110863,0,0.6930566182700538,0.28610880359930013,40590585,40763013
rs61007767,chr12,40728298,40728298,213,18,94,10,119,8,0.8246206411032405,0,1.588321548571128,0.45207663656308994,0.06290439918557456,0.0693306574230483,0.5321891203375639,0,0.053557154276578735,0,0.5409846193968029,0.6612131736679807,40590585,40763013
rs1491938,chr12,40645630,40645630,58,97,26,37,32,60,1.2831642963242964,0,0.44226369719021646,0,0.06621772184266728,0.5853380172185212,0.30573720819750155,0,0.5926957179636915,0,0.8379680885692825,0.8539790164137198,40590585,40763013
rs10878245,chr12,40631791,40631791,35,60,18,26,17,34,1.0433191559011252,0,0.3938403289388673,0,0.0725991552816569,0.3706387991155038,0.5490831481107294,0,0.46297064924549747,0,0.7887343985092699,0.373053957761167,40590585,40763013
rs17519762,chr12,40661322,40661322,373,23,193,11,180,12,0.39348698265386717,0,0.4520492923241041,0,0.07611201437003527,0.8069482358187164,0.46269353094999854,0,0.5850155279503105,0,0.6628114449684609,0.635002216394331,40590585,40763013
rs1427266,chr12,40708922,40708922,50,254,25,114,25,140,1.1237463612381944,0,0.8951923438156584,0,0.0777491858711598,0.8423066738646622,0.6413542354235423,0,0.9760218435622744,0,0.5581876950198845,0.5104139910115325,40590585,40763013
rs7956787,chr12,40735764,40735764,25,220,11,116,14,104,2.0941337793390224,0,0.6620773300992093,0,0.08414646446118194,0.6606848314233968,0.18560856085608562,0,0.4508265099481657,0,0.9375087279666958,0.9974977921551226,40590585,40763013
rs17444124,chr12,40724494,40724494,38,68,18,37,20,31,1.3853239829643318,0,0.8076729944584193,0,0.08598766652563686,0.2661984515286859,1.2663435429167318,0,1.0590426119761174,0,0.839938710903649,0.5445707815627596,40590585,40763013
rs1491939,chr12,40645596,40645596,122,20,51,8,71,12,0.8063726295548747,0,1.7864629563113712,0,0.09395748451606223,0.10886725253281593,0.9071830571330168,0,0,0,0.07789177569322363,0.2547187610882979,40590585,40763013
rs7973254,chr12,40607766,40607766,232,62,112,30,120,32,0.9991047372350018,0,0.47135399788797594,0,0.09791464528985058,0.29002960398468997,0.9039375915458834,0,0.5802497387802719,0,0.7620948999599454,0.28566469466217903,40590585,40763013
rs7308720,chr12,40657700,40657700,42,10,23,4,19,6,0.42344024277033987,0,0.8383721437641858,0.0954653937947494,0.10547556835894818,0.8202607566509219,2.010246422290987,0,0.481155817927606,0,0.9018997656832366,0.5147064733224314,40590585,40763013
rs58911468,chr12,40741678,40741678,186,15,90,9,96,6,0.783615511276486,0,0.7281675797162523,0,0.10823908577869223,0.9068727434071205,0.6067089522656596,0,0.22678571428571428,0,0.7999642597347755,0.2246042842985349,40590585,40763013
rs7956898,chr12,40735804,40735804,23,263,10,136,13,127,1.4058648123302724,0,0.7381405267864726,0,0.11209834584758274,0.14958635556839067,0.09046991655687309,0,0.4533072177042078,0,0.4823817146807258,0.36054074178351114,40590585,40763013
rs10878290,chr12,40660075,40660075,66,105,32,57,34,48,2.5685087250441736,0.8079470198675497,2.4690322362705652,0,0.1160837403835413,0.6716187028472074,1.6501586254944818,0,1.8253068029815882,0,0.21548511123110906,0.31705445518417397,40590585,40763013
rs2404835,chr12,40730463,40730463,199,103,98,53,101,50,0.8786997339337222,0,0.8359637445747754,0,0.11699149019336635,0.27492567638777654,2.1927031375110735,0,0.7690106146361679,0,0.8075302334531664,0.742043220956688,40590585,40763013
rs2252434,chr12,40627871,40627871,49,342,21,145,28,197,0.6312231518504915,0,0.7205545106128447,0,0.11756301437167732,0.8446557464622008,0.26422431107441396,0,0.48602325825655157,0,0.7345848229195475,0.8462483898098714,40590585,40763013
rs2708422,chr12,40593676,40593676,164,217,79,105,85,112,0.940626536529315,0,1.4600165672825092,0,0.1205910093808943,0.028118995047399335,0.9030023561596401,0,0.597464513400874,0,0.3265206586757035,0.3124681890183677,40590585,40763013
rs721713,chr12,40709185,40709185,50,301,25,155,25,146,1.499439694400402,0,0.8459070641074277,0,0.1301588785484869,0.0810636354479602,1.2960625569650936,0,1.2303128342448753,0,0.9051959120661357,0.42126194872264944,40590585,40763013
rs954884,chr12,40632958,40632958,109,184,47,94,62,90,1.1030388723317837,0,0.7853200072954011,0,0.13176375600311452,0.6519636617875433,0.3481939778853734,0,0.9746504427625223,0,0.6013840398673915,0.9095805263542489,40590585,40763013
rs17466451,chr12,40718693,40718693,289,37,150,17,139,20,0.5652125608273085,0,0.7136605482832002,0,0.13519966529762045,0.45700905101382067,0.44592244401462505,0,0.33213803234128436,0,0.5820667171396952,0.9289673283972424,40590585,40763013
rs12827541,chr12,40609979,40609979,154,70,89,34,65,36,1.212836611158672,0,0.9848270331987347,0,0.13750092408425668,0.4905125742215953,2.5376392722839998,0,0.7433021255803772,0,0.4443826417242931,0.557312521163998,40590585,40763013
rs2638233,chr12,40594722,40594722,55,72,27,33,28,39,1.0403437300403862,0,1.0646827564931625,0,0.14215102101509183,0.5666752367518015,0.7314238688254778,0,1.4143234575571364,0,0.9181441901972076,0.8019974461075092,40590585,40763013
rs6581668,chr12,40731606,40731606,47,358,20,155,27,203,0.7562409071953436,0,0.48960247733255136,0,0.14359541152138308,0.3893541099226878,0.8101924171715619,0,0.41428447503300636,0,0.8756800069399489,0.5087964627121144,40590585,40763013
rs10878262,chr12,40644279,40644279,99,173,62,75,37,98,0.7892988325778523,0,0.5646004021537631,0,0.14463383149713438,0.23814058304293254,0.529553962101405,0,0.6386073895828399,0,0.7845553971428609,0.9576957931483805,40590585,40763013
rs144326430,chr12,40644433,40644433,319,32,149,18,170,14,0.48844365755918145,0,0.12862805764064617,0,0.14598848871440795,0.9215736515089343,0.3509175229797954,0,0.2618140243902439,0,0.3782257786329685,0.777334666509462,40590585,40763013
rs11175922,chr12,40689588,40689588,221,177,115,87,106,90,1.019178357225358,0,0.8352239552737807,0,0.14865325901144866,0.8942845241718871,0.25361429876780306,0,0.48915407124670274,0,0.36169205091536755,0.36593545672011196,40590585,40763013
rs1896252,chr12,40713759,40713759,11,72,6,43,5,29,0,0,0.5023295355862408,0,0.15035178714031933,0.5171275975621212,1.0729072907290729,0,5.248163640521558,0,0.47730830233627974,0.40611692422379325,40590585,40763013
rs7298930,chr12,40719500,40719500,34,250,21,131,13,119,1.0102310855074936,0,1.4694344293096782,0,0.1514854989328785,0.6543948350845945,0.9872924229803038,0,1.8161232918818102,0,0.8615024878738847,0.1555550211797458,40590585,40763013
rs7311247,chr12,40745914,40745914,32,370,14,176,18,194,0.8615159046148592,0,0.5953365538413499,0,0.15544018004507298,0.0022574161435025305,0.209089698507263,0,0.5495686628735034,0,0.564095050861931,0.2900086420960489,40590585,40763013
rs1491941,chr12,40620815,40620815,152,199,82,107,70,92,4.056560162970361,1.3919191919191918,2.774241256509181,1.1914191419141913,0.16289569005747417,0.6212660858920993,1.292011427086272,0,0.9183041828967329,0,0.06910231529002203,0.1601886656709584,40590585,40763013
rs115712145,chr12,40608318,40608318,254,48,125,21,129,27,0.3100484642502718,0,0.44890240798233294,0,0.1691678014129825,0.7726940169968467,0.3870489841204958,0,0.2800174891506121,0,0.5203796384712914,0.23073764681284206,40590585,40763013
rs10784452,chr12,40649975,40649975,419,55,193,30,226,25,0.7681721376621236,0,0.9255062680368908,0,0.17718701821585361,0.3659373978656166,0.679172379874054,0,1.7185515949825072,0,0.3974013655565743,0.3537561734080894,40590585,40763013
rs139991994,chr12,40703463,40703463,87,11,43,3,44,8,1.8526573225801473,0,1.5984148006311936,1.5918367346938775,0.18140075936994554,0.9695406471848218,0.8747859207426195,0,0,0,0.1954483630183185,0.6780893557978411,40590585,40763013
rs10878340,chr12,40695095,40695095,132,293,66,132,66,161,0.40375808006925984,0,0.4599610985790361,0,0.18180170840645132,0.7684980988726048,0.29653797532551,0,0.3721530240863405,0,0.21904087625941596,0.6925654021027379,40590585,40763013
rs7963987,chr12,40749197,40749197,27,167,8,77,19,90,0.47609132638770946,0,0.7059359910300848,0,0.18448586383667312,0.3657976829755311,1.684664080848436,0,2.1713183021104836,0,0.5216842753975345,0.01376778744527591,40590585,40763013
rs7314455,chr12,40744145,40744145,52,398,24,199,28,199,0.7253445681897572,0,0.6855004258022442,0,0.18725127445322107,0.13185510418984855,0.9985781633832114,0,0.4627919064078301,0,0.2854282741075868,0.3384678690916638,40590585,40763013
rs10878224,chr12,40614601,40614601,219,85,95,40,124,45,0.9379073573049562,0,0.687082533852217,0,0.18923091415142515,0.3423178234625928,1.3344226287571688,0,0.9406884479487111,0,0.9287382387832668,0.8359265168073302,40590585,40763013
rs4768236,chr12,40756472,40756472,45,356,22,178,23,178,0.9185659454218966,0,0.794380646232367,0,0.20128072777806846,0.508085507644857,0.4303883277216611,0,0.9172272615113204,0,0.22683288122611658,0.3156691003749604,40590585,40763013
rs11564106,chr12,40721408,40721408,296,52,168,26,128,26,1.0998794548112685,0,0.7885168746798581,0,0.2014312354625022,0.6292073362991244,0.6248171618589831,0,0.5891063962402817,0,0.47783300962530567,0.4857609668278062,40590585,40763013
rs2723265,chr12,40649323,40649323,51,249,20,116,31,133,0.7224174819815943,0,1.0551498250494453,0,0.20471318156263063,0.5139050474903224,0.31361787271858893,0,0.6842556477218277,0,0.1495855854007577,0.7679128303796258,40590585,40763013
rs17490921,chr12,40666382,40666382,214,10,131,6,83,4,0.697874649146617,0,1.116358590354506,0,0.20548459257323903,0.24483391243193292,0.235296271929721,0,0.22212389380530975,0,0.6005611448066894,0.4268284820078698,40590585,40763013
rs12426891,chr12,40661281,40661281,259,75,137,38,122,37,0.5576493115762665,0,0.4980657871997639,0,0.20760098946077388,0.06936758653355798,0.32300595005039645,0,0.7848795762713751,0,0.6949407129301808,0.7105039675274654,40590585,40763013
rs10784522,chr12,40740365,40740365,67,87,34,44,33,43,1.997582290907016,0,1.9147253597979386,0,0.2098574513076137,0.2370378946519239,0.5660044458489025,0,0.9475289276629537,0,0.842117319727528,0.6317957224662105,40590585,40763013
rs2896975,chr12,40706375,40706375,40,235,22,113,18,122,0.6155206724748056,0,1.8299979989746555,0,0.2104437119313965,0.6112138399457705,1.1202615770122992,0,0.8178256021152868,0,0.5787084521129087,0.9762954929324161,40590585,40763013
rs7963697,chr12,40734916,40734916,18,153,8,69,10,84,0.3182756929114545,0,0.6329435101989779,0,0.21402161929139332,0.264425312539523,0,0,5.314618590374161,0,0.006125924641091663,0.873822986264041,40590585,40763013
rs7957057,chr12,40690706,40690706,82,185,41,89,41,96,0.5815279912956623,0,0.908352021855898,0,0.22049061697290792,0.06570441631567725,0.47552335971695675,0,0.8465321701806783,0,0.3508630772499417,0.10919364288935152,40590585,40763013
rs12367542,chr12,40726647,40726647,26,20,11,6,15,14,0.6641818140077949,0,0.38700836893409313,0,0.22607879388575247,0.9457801945664247,0.30360065466448444,0,0.31290983606557377,0,0.2209511251051772,0.01956054948086488,40590585,40763013
rs10878284,chr12,40658205,40658205,345,47,171,22,174,25,0.5327319838184508,0,0.6748964919147779,0,0.23043652351848895,0.17451614368121304,0.7182182130356821,0,0.7764344280832242,0,0.6754799397238866,0.6343923429028683,40590585,40763013
rs1491943,chr12,40620416,40620416,111,19,59,10,52,9,1.2461591510503338,0,2.1858479777340722,1.110512129380054,0.23223565507316413,0.7973428906376752,0.9475032512698516,0,3.1983391198607127,0,0.012657427191114307,0.37024358891537806,40590585,40763013
rs11175847,chr12,40676200,40676200,173,116,94,59,79,57,0.8599537341861346,0,1.132216186886551,0,0.23234622154009008,0.4949366164531657,0.5381901647257886,0,0.43834409504270716,0,0.5976439957473021,0.6212106197122482,40590585,40763013
rs12317068,chr12,40660617,40660617,51,59,22,27,29,32,0.4748481857257689,0,0.4045541430054566,0,0.2330007266257309,0.8068132775192297,0.5780072028811525,0,0,0,0.0615606764045428,0.49663183991011484,40590585,40763013
rs10784486,chr12,40677029,40677029,76,232,48,135,28,97,0.8758936066414168,0,0.7614794718927436,0,0.23378283150243984,0.22710728392391724,1.049929968250486,0,0.35975300631607554,0,0.39643674608197155,0.506141098474695,40590585,40763013
rs115515759,chr12,40597509,40597509,243,19,120,8,123,11,1.892867438179099,0,3.114496769751216,0.49269588313413015,0.23553511064858546,0.25182790727932547,0.8502686464917778,0,0.5279372674109516,0,0.4383517408208525,0.8332866025557301,40590585,40763013
rs10506151,chr12,40670998,40670998,283,17,134,10,149,7,0.7385171675927616,0,0.40652585200881347,0,0.23563710481443134,0.10094341457797573,0.6077737405756471,0,0.3285852534247044,0,0.5818277592127727,0.21304644763789696,40590585,40763013
rs10784485,chr12,40670870,40670870,323,93,153,46,170,47,1.0534004897911182,0,0.49146504579290895,0,0.2373808088122619,0.9614371217673047,0.4504614377877772,0,1.0711386004496177,0,0.09113322707485648,0.08239190125471679,40590585,40763013
rs4483664,chr12,40687654,40687654,45,54,26,29,19,25,1.6951088502824645,0,4.039853615482849,0,0.2421626242029252,1,0.22977777777777778,0,0.3241525869980225,0,0.11434124897928691,0.0033223218501365163,40590585,40763013
rs4767973,chr12,40756248,40756248,22,175,10,88,12,87,0.15724071460534922,0,0.41747181554525303,0,0.24852216390385318,0.2826141649186762,0.19109461966604824,0,0.2770904042541862,0,0.8263675296574198,0.8147371508525919,40590585,40763013
rs10878299,chr12,40666875,40666875,66,26,36,15,30,11,0.4834628597361014,0,0.4625180929737285,0,0.25159609758613316,0.45363062040462465,0.8222353065836716,0,0.5951580080612339,0,0.41307144485271863,0.9679954044082422,40590585,40763013
rs11834950,chr12,40727598,40727598,373,24,196,9,177,15,0.4667179379404329,0,0.45447905471731204,0,0.2521797784347146,0.47074767672700785,1.1800835873322102,0,0,0,0.1917319759756959,0.6285056405940341,40590585,40763013
rs1388594,chr12,40607647,40607647,203,128,104,66,99,62,0.9532627773185625,0,1.36928691496245,0,0.2527539525242119,0.502363718679074,1.1092614906225426,0,0.5209609876423996,0,0.9416075669076502,0.2496478363091618,40590585,40763013
rs721711,chr12,40709328,40709328,15,189,8,99,7,90,1.2640952331123216,0.615257048092869,1.3867441083771186,0,0.25869496755345583,0.37240722400955695,0.17549668874172183,0,0.9246029244485436,0,0.3991293326829739,0.9273699911412893,40590585,40763013
rs17491786,chr12,40759704,40759704,129,24,57,11,72,13,0.6677645027634054,0,0.2614287998338122,0,0.25941427771531705,0.32488547154415814,0.5325709600210896,0,0.3837610375275938,0,0.16387065903936188,0.7309595215285836,40590585,40763013
rs2256408,chr12,40619082,40619082,31,185,18,90,13,95,1.7129145557268153,0,1.293755801672546,0,0.26161487227973246,0.7556266991407243,1.5258227904030413,0,0.6797233384206461,0,0.7363560085730996,0.8940624183276166,40590585,40763013
rs4768233,chr12,40743788,40743788,45,353,23,169,22,184,0.27712214542157543,0,0.711114929420801,0,0.261663642228182,0.5576402823644647,1.8942806752330563,0,0.182232877276087,0,0.17269011373062723,0.540298128509935,40590585,40763013
rs11835105,chr12,40758045,40758045,37,26,20,13,17,13,0.8626149336884145,0,0.3909817106176605,0,0.26485402826294663,0.44396397962959344,0.03581081081081081,0,0.28710120575734965,0,0.16040336001814692,0.7789073327272711,40590585,40763013
rs11175941,chr12,40694399,40694399,314,69,157,42,157,27,2.204174919099531,0,1.9550631787394912,0.7619047619047619,0.26619718839286943,0.12430122621077169,2.918323683148787,0,4.415504781555159,0,0.002557145875238114,0.4376586886607303,40590585,40763013
rs17491417,chr12,40727469,40727469,382,48,176,21,206,27,0.574647667908922,0,0.6455706969129132,0,0.27373096656058105,0.9814938726372956,1.2063339999045744,0,0.6935813941831405,0,0.9647628057734529,0.5509092875987285,40590585,40763013
rs10784470,chr12,40663596,40663596,22,22,12,12,10,10,0.9080280775711415,0,0.6308930166627301,0,0.27509762997870246,0.2503060698039634,1.0116560187124704,0,0.0726693688477128,0,0.5367839177782798,0.08087568402208818,40590585,40763013
rs721709,chr12,40709413,40709413,17,132,12,63,5,69,1.3135751422504978,0.5849889624724062,1.5577278096000913,0,0.280244277844579,0.8875226570342742,1.2693005973631029,0,1.166540035696923,0,0.5454905818740308,0.0043815896747495964,40590585,40763013
rs7132171,chr12,40649749,40649749,52,38,27,16,25,22,0.7266294917067908,0,0.5245268376731401,0,0.28074191869509413,0.22907418623624182,1.034476988131928,0,0.23336148244908275,0,0.9343695053432344,0.642542662189985,40590585,40763013
rs11175913,chr12,40687035,40687035,223,39,104,23,119,16,0.605486528267317,0,0.29481445318812544,0,0.2825390591945121,0.9035244441445945,0.8905155949986528,0,0.7173491471245134,0,0.8530687187534614,0.46598217260479013,40590585,40763013
rs7307276,chr12,40715013,40715013,18,113,6,65,12,48,0.13923490864606028,0,0.5878644565726312,0,0.2827786269780863,0.46945117003993997,0.39433653077537967,0,0.4350322603971951,0,0.9951761406420105,0.4755920501487125,40590585,40763013
rs11175852,chr12,40677008,40677008,246,58,149,31,97,27,0.9032665847432988,0,0.4275608002315602,0,0.2829832127305331,0.8744225540180312,0.5574928560629548,0,0.18618007178895551,0,0.7761812144578311,0.4415375978709869,40590585,40763013
rs7308193,chr12,40665227,40665227,144,236,74,106,70,130,0.5975294249610733,0,0.4239161417972227,0,0.2863320885386377,0.0596424660023515,0.9964839863749774,0,1.0194807238628085,0,0.2945854447252989,0.6198967248433529,40590585,40763013
rs11176195,chr12,40756207,40756207,144,22,73,11,71,11,0.32172341334883164,0,0.3112912773142802,0,0.2884225170922284,0.8770262746770572,0.2762987115865925,0,0,0,0.23192088834431596,0.07343720316380857,40590585,40763013
rs10784536,chr12,40754412,40754412,45,266,24,118,21,148,0.6933124225776531,0,0.5284363233614076,0,0.2905298200094062,0.43786471537640353,0.23446235045742433,0,0.4393454143523346,0,0.6086246859254032,0.5386787598493383,40590585,40763013
rs7957151,chr12,40736043,40736043,44,352,21,188,23,164,1.7783945894507864,0.2924944812362031,1.9374351712025892,0,0.2944207070100854,0.39109823815073713,4.68719514467272,0,2.5989066148929414,0,0.15972308167484728,0.7000941709968314,40590585,40763013
rs7957754,chr12,40686038,40686038,160,105,65,47,95,58,0.7607759405194239,0,1.1592501306518492,0,0.2971817744177861,0.5443232160367992,0.2306853453949091,0,0.5959653057763334,0,0.1392368725588087,0.16378300082817737,40590585,40763013
rs17491652,chr12,40744869,40744869,364,70,169,40,195,30,0.735489471972555,0,0.9484159398143496,0,0.2996209718829239,0.7470207999832847,0.7766944276112413,0,1.0922024529139516,0,0.5412546184922022,0.13604739985882813,40590585,40763013
rs4465428,chr12,40728191,40728191,56,229,35,128,21,101,0.5530758456768214,0,1.2716293148535698,0,0.30019107233416525,0.42267312657741446,0.8334300664218177,0,0.5666767880866844,0,0.6855100959863577,0.36001648034958866,40590585,40763013
rs11564148,chr12,40713901,40713901,31,16,23,12,8,4,0.11344086021505376,0,0.40723903890824625,0,0.3049045920938403,0.0659141360896253,0.5798599325157366,0,9.96824271008087,0,0.1522354668470768,0.26118409682031035,40590585,40763013
rs1491940,chr12,40598344,40598344,141,215,66,98,75,117,0.8307814868421045,0,0.8299985540887074,0,0.30733668767959416,0.5864905303652409,0.893331287228905,0,0.32998972708387553,0,0.7659902021025454,0.07208477793677988,40590585,40763013
rs12369882,chr12,40686845,40686845,89,88,42,44,47,44,0.6652005472382188,0,0.5754682512645369,0,0.3105064552525379,0.269299610421763,1.0155214796246903,0,0.62784633150446445,0,0.47848641322172897,0.7936618678444167,40590585,40763013
rs10735934,chr12,40732900,40732900,47,318,28,159,19,159,1.2442015712867585,0,0.647976272172713,0,0.3124241639630397,0.5954028395762995,0.20789246693502014,0,0.3534976741502892,0,0.5988603684992013,0.921340958923504,40590585,40763013
rs10878371,chr12,40716260,40716260,17,133,10,72,7,61,1.6986912365305102,1.7666666666666666,2.0413154504622057,0,0.3130607436744743,0.8729009515654833,0.36749851455733806,0,0.7254584225971179,0,0.37180233417159836,0.38813865928858293,40590585,40763013
rs58621298,chr12,40618686,40618686,128,14,55,5,73,9,4.007039332805514,1.5837971552257266,2.896729004453918,0.5941091954022989,0.32739098669906935,0.7643755911549817,2.4141736161521954,0,1.4434921351600059,0,0.8684291699734363,0.6608358036181594,40590585,40763013
rs74648679,chr12,40611073,40611073,332,63,175,36,157,27,1.0263084249926993,0,1.0292455464763157,0,0.33286095791076853,0.211840863653951,1.1713336939657015,0,1.1464100882005126,0,0.007639108615803179,0.9232579725763383,40590585,40763013
rs2201141,chr12,40607098,40607098,59,95,30,57,29,38,0.3419286589607657,0,0.7023559185684085,0,0.3359433465976734,0.1393980612852652,0.9476685805949082,0,0.3789972633945018,0,0.2521070069966166,0.3782076001164923,40590585,40763013
rs732374,chr12,40643468,40643468,28,59,12,31,16,28,0.9545732150178434,0,0.7480514135897768,0,0.337904936214085,0.6974231496442329,0.09464285714285714,0,3.238348347634096,0,0.2211908940701198,0.06067858818207516,40590585,40763013
rs2162472,chr12,40749218,40749218,25,155,9,71,16,84,0.3548804322495015,0,0.6618496090742082,0,0.3410274761246023,0.3891352492224211,1.7832738496012293,0,2.293342843430613,0,0.5872260440815733,0.6006455813851277,40590585,40763013
rs1491923,chr12,40591117,40591117,85,26,42,13,43,13,0.5877873135096704,0,0.2775427834951644,0,0.34579868557466675,0.4507196498139169,0.8738195682797353,0,0.19316470942487204,0,0.34948964431196905,0.27994467930014993,40590585,40763013
rs10784509,chr12,40713200,40713200,40,300,21,141,19,159,1.6530010427556423,0,0.47153381263279304,0,0.3459645031443136,0.5827393631059773,0.6074076056254274,0,0.7013183185777602,0,0.6893547329033786,0.6812500253570852,40590585,40763013
rs11175784,chr12,40659534,40659534,158,141,90,72,68,69,0.960349099241928,0,1.2418566290681368,0,0.34848394074631045,0.7488524690692524,0.7399973787651363,0,1.0825674039956614,0,0.17690933321348654,0.6139172791492784,40590585,40763013
rs6581622,chr12,40634158,40634158,55,10,29,6,26,4,0.9943732411201955,0,0.3675782384986695,0,0.350165582240413,0.2587564812822275,1.0488592269647778,0,0.19946236559139785,0,0.671636633179608,0.08995946372717208,40590585,40763013
rs17443670,chr12,40669869,40669869,201,23,100,15,101,8,0.5348125327373612,0,0.20092163957234768,0,0.3530360424117318,0.3785362824968903,0.6520765560180471,0,0.2788971367974549,0,0.25377923636086824,0.9067609988323577,40590585,40763013
rs2279535,chr12,40603316,40603316,84,135,39,68,45,67,0.3735641827210526,0,0.5517139619749459,0,0.3574726581561841,0.08714632833567144,0.3020166031916948,0,0.5899665256110832,0,0.7678082294602084,0.07614913341838288,40590585,40763013
rs2723273,chr12,40619301,40619301,45,259,22,120,23,139,2.616508902259844,0,1.5739405888478728,0,0.35867311944659874,0.15700454239311773,1.1817903222684185,0,0.43574282522538815,0,0.9157635843969483,0.893154978782443,40590585,40763013
rs10784518,chr12,40737115,40737115,15,74,8,40,7,34,0.8357214864854666,0,0.6876268289164817,0,0.3655969292799291,0.20427781349393212,0.17062706270627062,0,1.2948183055893303,0,0.8368062487614447,0.18285809814659099,40590585,40763013
rs1035813,chr12,40737908,40737908,26,160,11,73,15,87,3.241142675012117,1.2011505786340222,2.514751089813718,0,0.3779416591418644,0.20265332793232094,0.21153846153846154,0,1.3691650860037927,0,0.05231854031993133,0.7367225870981902,40590585,40763013
rs7963086,chr12,40735169,40735169,35,176,17,75,18,101,0.7118634770483209,0,0.5140970674310067,0,0.3847835543960267,0.6171568639381726,0,0,2.005665725078351,0,0.015820038230735366,0.190628188676982,40590585,40763013
rs60776971,chr12,40728428,40728428,314,17,147,4,167,13,0.9457026086832043,0,0.5306465514373728,0,0.3849110431003834,0.6078926311830906,0.6301964136061732,0,0,0,0.1682414101735187,0.1682414101735187,40590585,40763013
rs1491922,chr12,40591173,40591173,116,33,60,14,56,19,0.8472596101404075,0,0.43419534917929925,0,0.38819414966423477,0.5110695921080547,0.999750467857345,0,0.15246188262061278,0,0.1374644462742452,0.37907275084622105,40590585,40763013
rs7137437,chr12,40745955,40745955,34,360,15,158,19,202,1.0847889635555186,0,0.6555987290909697,0,0.3886470514746776,0.9228690595014242,0.6952112004724567,0,0.5422469781852892,0,0.7731684739437906,0.15370861636999666,40590585,40763013
rs2263419,chr12,40605916,40605916,114,187,69,90,45,97,0.7940442349935887,0,0.7052092845600318,0,0.38898891088265025,0.2589302664857731,0.9248656618025393,0,0.6932913849510323,0,0.09199124523929754,0.6280999909476552,40590585,40763013
rs12311273,chr12,40741617,40741617,98,156,52,74,46,82,0.5028707409911062,0,0.8613662006062297,0,0.4006921256276225,0.5559453760079768,0.5036334685062008,0,0.8408098994399555,0,0.7008492018409092,0.40476054943151557,40590585,40763013
rs17519419,chr12,40606702,40606702,146,18,64,4,82,14,0.5982938170564057,0,0.2606461083488839,0,0.4021493705739969,0.2217926387369986,0.28556644988472063,0,0.0749089253187614,0,0.6614211408741737,0.19079158752052797,40590585,40763013
rs5017705,chr12,40747772,40747772,18,286,12,165,6,121,0.7397140090264435,0,1.5264180755721688,0,0.4091842734197318,0.4163869652539244,1.6275633675331616,0,1.938642670792443,0,0.7791333917950359,0.7296546280818561,40590585,40763013
rs17490713,chr12,40643656,40643656,393,52,187,22,206,30,1.0603780271368053,0,1.4239966742938164,0,0.40992233674128886,0.9689498888679083,0.998099849531982,0,1.1913106734535306,0,0.12835383127747788,0.0920573461765289,40590585,40763013
rs59934346,chr12,40606156,40606156,64,17,38,6,26,11,1.1404515476153074,0,1.330357119633756,0,0.4109677084149798,0.11153328362991762,0.7502504083650023,0,0.42865659777424486,0,0.3448749395325081,0.29294003989644324,40590585,40763013
rs11176053,chr12,40724030,40724030,81,35,32,15,49,20,0.4536462869049395,0,0.7650282600113645,0,0.4330386419326661,0.6541521645882966,0.6229175191881736,0,1.1367426587018423,0,0.9901418263478566,0.5007018793202499,40590585,40763013
rs2638229,chr12,40604068,40604068,117,173,58,104,59,69,0.5399283103615777,0,0.7024221056342466,0,0.43956731855714254,0.4245853046063436,0.7675852936533348,0,1.4554599378880249,0,0.4719869364902186,0.6743131183734747,40590585,40763013
rs7294958,chr12,40742689,40742689,13,81,3,43,10,38,0.8177155578772829,0,0.8593508237055901,0,0.43960073928316745,0.412911641001379,0.32339089481946626,0,0.9067372779391024,0,0.4470052301379887,0.4470052301379887,40590585,40763013
rs17490536,chr12,40605903,40605903,315,35,157,18,158,17,0.766547488368082,0,0.6166898145905869,0,0.4428380614646464,0.7769741635030795,0.7629828892699388,0,1.0100301315433862,0,0.8388830978268933,0.4621424146018979,40590585,40763013
rs17490817,chr12,40656962,40656962,42,23,20,11,22,12,1.3297987288356523,0,0.3015947051664744,0,0.44510582082167377,0.7562000657727992,0.41143019144917814,0,0.2598988133986592,0,0.6739907200745514,0.04013124729398596,40590585,40763013
rs4767972,chr12,40732123,40732123,20,83,14,54,6,29,2.156409982493281,0,0.900935869767388,0,0.4467906419914567,0.5406613709520038,1.9676617661766176,0,1.3347414178007098,0,0.7957005432921483,0.8446602974851253,40590585,40763013
rs1352879,chr12,40626230,40626230,26,181,14,86,12,95,0.26119181533110425,0,0.69607282820918015,0,0.44801669627291035,0.7659541869028254,0.44017094017094016,0,0.721002824100773,0,0.5020782928515681,0.943283561764982,40590585,40763013
rs7979341,chr12,40675608,40675608,64,166,29,77,35,89,0.6668226064464463,0,1.2922164124562334,0,0.45495908383380274,0.7849088672435527,0.042534722222222224,0,0.7168831277469392,0,0.004897646706682756,0.3968967980666351,40590585,40763013
rs11175902,chr12,40684880,40684880,143,21,68,6,75,15,0.8884595208791334,0,0.9746148528937215,0,0.4619487832387312,0.7175454640999189,0.49800573785954866,0,0.282670037838671,0,0.7477978967809393,0.6160958217732366,40590585,40763013
rs2708424,chr12,40594570,40594570,28,24,13,16,15,8,1.2779857380720554,0,0.7528022313157385,0,0.46222650758252676,0.9827486035478343,1.179431250058888,0,0.4039706215372133,0,0.3509711080941486,0.02326080078821471,40590585,40763013
rs4768235,chr12,40744086,40744086,57,432,29,214,28,218,0.45621764988607794,0,0.5062317791667458,0,0.4624061534736946,0.7199455924449436,0.8987740096487902,0,0.43749697783591435,0,0.6531449018926292,0.5465522516119046,40590585,40763013
rs3943893,chr12,40737803,40737803,14,72,5,34,9,38,3.601044949004133,0.6919191919191919,1.4971263821396998,0,0.4632118402528297,0.7379191973161104,0,0,0.6242448391025652,0,0.07601769866490557,0.14294435370176162,40590585,40763013
rs11564267,chr12,40722724,40722724,291,19,144,7,147,12,1.4515412964496917,0,0.8412045925460997,0,0.46534382966521914,0.27141325149291745,0.7065707281018041,0,0,0,0.08522894057031027,0.11819673437069503,40590585,40763013
rs17444202,chr12,40756321,40756321,239,40,112,21,127,19,0.409140400998057,0,0.4046785847763522,0,0.46543476160387126,0.9545445476821477,0.6746453867108874,0,0.5704983438723277,0,0.6395438925163041,0.45445604905726106,40590585,40763013
rs4318033,chr12,40680941,40680941,202,42,77,24,125,18,0.6736084673518324,0,0.3794839044081179,0,0.466116620962092,0.8137373667657704,0.45616415275355876,0,1.833114705182062,0,0.026204045760207805,0.36953004477440116,40590585,40763013
rs2723259,chr12,40600696,40600696,17,23,7,12,10,11,0.9774428501239799,0,0.9334735821124802,0,0.46954951295610275,0.6691224717555146,0.4643304130162703,0,2.934201776929946,0,0.1864786102125226,0.1864786102125226,40590585,40763013
rs12314692,chr12,40688921,40688921,101,17,52,9,49,8,1.4947863359827036,0,1.6369164023378469,0,0.4774185940052714,0.9860898950329015,0.42773381907491215,0,0.8618282626861863,0,0.003031943496801049,0.26496069354441154,40590585,40763013
rs11175836,chr12,40670676,40670676,200,217,100,107,100,110,0.3958477403084851,0,1.1036648222212522,0,0.48864404128186945,0.786295137364605,0.5320997707296908,0,0.3582266147506506,0,0.3587387408164627,0.6336559992935131,40590585,40763013
rs4768227,chr12,40709499,40709499,10,94,10,45,0,49,1.5131365754677013,0.2924944812362031,1.6822186062348206,0,0.4965758379744247,0.9247685480313355,1.999958295829583,0,1.0476414851048772,0,0.38716824544379486,0.6937460279657595,40590585,40763013
rs7137160,chr12,40706604,40706604,33,232,19,118,14,114,0.6631792033153335,0,1.4709304403067434,0,0.49754004251154826,0.9135238245668125,0.8298414116595935,0,0.6472152105519785,0,0.5025980268895511,0.7965234034960396,40590585,40763013
rs11176155,chr12,40746455,40746455,23,216,12,117,11,99,1.1292725954955996,0,1.441184975542321,0,0.5019947090512475,0.8926191042617484,0.8940794850658575,0,3.2835946497226396,0,0.232606771530792,0.0886836254945797,40590585,40763013
rs12302298,chr12,40707648,40707648,56,15,24,5,32,10,0.8996808644110086,0,1.3831286230663882,0,0.5087808933519522,0.6714367788867849,1.8082124339134835,0,0,0,0.021397562093045303,0.6788971238287871,40590585,40763013
rs4767971,chr12,40732032,40732032,23,132,13,77,10,55,1.3295613909217008,0,0.8629549039338086,0,0.5125065665132964,0.370572938384111,2.4018797966753196,0,0.9910193182099333,0,0.36275539356697684,0.8910617009801426,40590585,40763013
rs11564175,chr12,40721042,40721042,359,22,177,14,182,8,0.7174556864476379,0,0.7805588585455842,0,0.5313537256653571,0.3735909085269639,0.7112187829866927,0,0.23336871802501916,0,0.9571466003266681,0.12590746648685314,40590585,40763013
rs2708427,chr12,40598939,40598939,49,63,22,35,27,28,0.718409236555165,0,0.5000942484576202,0,0.5317498172342217,0.7939612484367586,0.40511447512521737,0,0.9055792488255068,0,0.17463456800914962,0.14799834518353203,40590585,40763013
rs919175,chr12,40736405,40736405,16,90,8,45,8,45,0.6233635192989497,0,0.8216984254021393,0,0.5356229558339366,0.08472078041599958,0,0,0.6268557530232847,0,0.08183562940615857,0.615399150907812,40590585,40763013
rs11175843,chr12,40674039,40674039,400,55,193,32,207,23,0.9449728995294646,0,0.6006299011884305,0,0.5406005837167891,0.36344617145047947,0.5062589002312916,0,0.31217659383970686,0,0.38027178310413096,0.9192584039605295,40590585,40763013
rs7970326,chr12,40607891,40607891,219,82,97,43,122,39,0.5113485365617019,0,0.4597033246986149,0,0.5468687345689364,0.31367404682081274,0.630520280745652,0,0.5980117858776682,0,0.2508965375049656,0.2832938798135055,40590585,40763013
rs1352878,chr12,40626285,40626285,15,119,10,55,5,64,0.33164133617662844,0,0.6462751652720471,0,0.5484985311009563,0.9301198907121521,0.38458781362007166,0,0.6129995783017047,0,0.6513090597591473,0.7246502136814099,40590585,40763013
rs11175787,chr12,40660094,40660094,87,76,45,40,42,36,1.9943801342938277,0.3157894736842105,2.7575192893254132,0,0.5523377375957699,0.8698319892719032,1.370273812483108,0,2.1049905298364853,0,0.41508335637008104,0.8031633317431236,40590585,40763013
rs3747891,chr12,40718883,40718883,228,120,111,63,117,57,0.5243112957370432,0,0.6668431625305608,0,0.55347012003584,0.5294808736733354,0.5928880476134581,0,0.7994295729477288,0,0.05886458694409919,0.4014156878139718,40590585,40763013
rs2723261,chr12,40601808,40601808,135,161,62,81,73,80,1.7733920518595367,0,1.4304299121743604,0,0.5546962752916424,0.9856584647460824,1.106062529715721,0,0.5350145555314549,0,0.1909520652072251,0.06624197236154994,40590585,40763013
rs10748040,chr12,40748547,40748547,22,164,9,59,13,105,2.06712970349334,0,1.0086219418508808,0,0.5563980227507843,0.6028330219026745,5.538201356967666,0,0.5380356311485189,0,0.5946282961979501,0.8388489625031912,40590585,40763013
rs10878386,chr12,40725928,40725928,347,74,163,40,184,34,0.7532042466715617,0,0.6135773127367982,0,0.5765648956671616,0.10283793961696136,1.3708117455112956,0,0.8592658220110236,0,0.6154250494170732,0.1479235183223898,40590585,40763013
rs10878247,chr12,40632100,40632100,189,34,92,19,97,15,1.1763335838950864,0,0.9141699647688217,0,0.5798259552205862,0.41794807040046283,1.0791301549914962,0,0.5355735821857159,0,0.5792627771857002,0.03991481782048544,40590585,40763013
rs10878405,chr12,40742254,40742254,14,14,8,7,6,7,0.810641745525096,0,3.234700279477951,0,0.5840812978051729,0.24076746052709072,0.8814627107310035,0,0.7191057318716894,0,0.7051557172770828,0.17976018212717898,40590585,40763013
rs17443815,chr12,40690061,40690061,106,101,48,48,58,53,0.7283961056368365,0,0.9069301880133717,0,0.5882550309663213,0.3929028322087453,0.8894105955583046,0,0.3569910350073263,0,0.3190942258156933,0.4898795398765169,40590585,40763013
rs10784497,chr12,40689982,40689982,182,38,88,19,94,19,1.1451939696318632,0,0.9879572540816124,0,0.5928382023777027,0.04332035981753923,0.6733516415600662,0,0.8136554049616416,0,0.12337377967374752,0.0054293413457607255,40590585,40763013
rs7962011,chr12,40692543,40692543,68,35,31,13,37,22,0.5891166486344904,0,0.43330267539753353,0,0.5954011718639678,0.3694127476922545,1.2504276507988674,0,1.3451430617638327,0,0.712814561105268,0.7491153430546847,40590585,40763013
rs2708418,chr12,40592225,40592225,104,105,53,59,51,46,0.9063225460697586,0,0.8728151451247823,0,0.6096042039216387,0.1171488315502125,0.7575304230333293,0,0.6831542920354625,0,0.17989066984441315,0.9011457202717379,40590585,40763013
rs7962116,chr12,40754782,40754782,25,157,11,71,14,86,0.23916336834830068,0,0.3850386491842025,0,0.6156825195190421,0.6412811013266466,0.4647662676715432,0,0.39537583137329657,0,0.773341367253294,0.35180640129624785,40590585,40763013
rs4768234,chr12,40743830,40743830,57,341,30,157,27,184,0.7096110739154651,0,0.7821510795824977,0,0.6160037774135878,0.7517221139174782,1.4954847436050445,0,0.23962911192467895,0,0.662600866632097,0.8013324256561578,40590585,40763013
rs73108368,chr12,40677584,40677584,148,24,75,17,73,7,2.546374837134503,0.5182905835772078,2.162269565784714,0.2566462167689162,0.6174038503056958,0.050776590377642906,0.6435052682283761,0,0.4447805819192791,0,0.6921522618339406,0.6036219345025138,40590585,40763013
rs11175769,chr12,40656179,40656179,101,107,44,46,57,61,0.6109582135922612,0,0.5928804703730899,0,0.6176482920226101,0.9573895386609206,0.6797100888086636,0,0.3794651708792138,0,0.6002870758265826,0.3985562858380168,40590585,40763013
rs72546323,chr12,40697661,40697661,199,34,90,22,109,12,0.927739158585406,0,0.6635479620842656,0,0.6222261805895182,0.6558202972669539,0.26933785039785485,0,0.11575422248107163,0,0.4167204590677626,0.4283189306778434,40590585,40763013
rs4768237,chr12,40756687,40756687,17,112,10,62,7,50,1.2391916766706683,0,1.7672873308401054,0,0.6251080354188066,0.05684786468544656,0.32026143790849676,0,1.2613271859618707,0,0.2041397201397568,0.3864653966468738,40590585,40763013
rs11175963,chr12,40702771,40702771,171,39,90,17,81,22,0.9785355882534433,0,0.6278603599996847,0,0.6267904660103281,0.8227553911371993,0.32884367882893945,0,0.7955528747854625,0,0.47447020582532884,0.25951816331931327,40590585,40763013
rs17444145,chr12,40725880,40725880,333,11,158,8,175,3,0.8402246770861074,0,1.1412337662337662,0,0.6300112193437843,0.9506371780690006,1.4802361570887241,0,2.2110353436593333,0,0.23367895311704528,0.36166037835079395,40590585,40763013
rs17519881,chr12,40682197,40682197,398,13,194,6,204,7,0.6360100971261836,0,0.4903238354565788,0,0.6319001693938799,0.2046024056868252,0.5276392516433122,0,0,0,0.20120414511960558,0.7229272451117714,40590585,40763013
rs7133914,chr12,40702911,40702911,139,57,69,32,70,25,0.8818413455857566,0,1.1311685391264243,0,0.6337303317858536,0.11531200402357608,0.4733628391119238,0,0.9223301144322751,0,0.04266130543145062,0.502105376146043,40590585,40763013
rs17465870,chr12,40653713,40653713,40,34,17,12,23,22,0.8545656293660902,0,0.8270561079078306,0,0.6344376017902493,0.7133025770906835,1.2376931002030571,0,0.03965766634522662,0,0.023578788044052227,0.03999788622301932,40590585,40763013
rs17443345,chr12,40609885,40609885,279,24,145,16,134,8,1.3240491588156482,0,1.1931295101183708,0,0.636638490899945,0.14291693253394422,1.1029013986245655,0,0,0,0.05829835402719914,0.22046310301193586,40590585,40763013
rs35124455,chr12,40695791,40695791,185,197,96,91,89,106,0.9850673545313078,0,0.7944449990713492,0,0.6393605850633945,0.6332817520175156,1.2198341397961339,0,0.7537067281016778,0,0.11683752921493329,0.04945028373206894,40590585,40763013
rs2708419,chr12,40592388,40592388,118,136,57,57,61,79,1.2746486427998545,0,1.3286165629292355,0,0.6449571704509289,0.2916823185601309,0.7329691361854792,0,1.2544483275403495,0,0.1675098845560426,0.5291140667469967,40590585,40763013
rs139999912,chr12,40626924,40626924,429,49,253,25,176,24,0.7019997666332308,0,0.6189142597166174,0,0.6511648172153617,0.40829653524249526,0.8800847826965147,0,0.4999088017484037,0,0.7600351004845582,0.6500543961613443,40590585,40763013
rs12371502,chr12,40644305,40644305,90,175,58,75,32,100,0.6494107750066044,0,0.4975517010590677,0,0.6511685847798616,0.20586120833201368,0.45765750012972684,0,0.6502251021859797,0,0.9642208507386127,0.43244936262169315,40590585,40763013
rs17491494,chr12,40733214,40733214,266,36,117,19,149,17,0.6938309818039091,0,0.6666309562564637,0,0.6522928731007851,0.5468488590567571,0.4341743732472302,0,0.4305555555555556,0,0.09130998862518773,0.6739304410640431,40590585,40763013
rs7306684,chr12,40750820,40750820,10,98,3,39,7,59,1.0016926770708283,0,0.5877653970370521,0,0.6565979548778995,0.2820696697428356,1.1,0,0.22729617660578896,0,0.48755820930601984,0.4309029594263343,40590585,40763013
rs10784498,chr12,40697434,40697434,87,46,46,24,41,22,1.326814011442748,0,0.3011338886460544,0,0.6568176271730084,0.09107984309789775,0.34977714997808435,0,0.3708322219258469,0,0.26523817200052374,0.012400913457587492,40590585,40763013
rs11175943,chr12,40695776,40695776,282,58,139,30,143,28,1.1468450936133985,0,0.43133724143388774,0,0.658333062852634,0.2871998209021151,1.1521875786662021,0,0.3120361539515987,0,0.07451312356379819,0.005419309673196927,40590585,40763013
rs10878222,chr12,40610718,40610718,107,62,52,21,55,41,0.6559011746130361,0,0.5030782799834083,0,0.6602406191794556,0.9217889478606351,0.9582350520058559,0,0.6337378192592067,0,0.7660331361254168,0.7534456739932344,40590585,40763013
rs73102291,chr12,40607510,40607510,339,11,176,4,163,7,1.3812239151175225,0,0.6381329289637847,0,0.6609573291391644,0.1876793176042962,1.037616219691428,0,0.6061946902654868,0,0.5430168834354925,0.7823410763780869,40590585,40763013
rs11613206,chr12,40609581,40609581,345,72,179,28,166,44,1.213872305463368,0,0.9643150545289167,0,0.6643641107199714,0.10556560623301783,0.6095934325013669,0,0.47024728034991464,0,0.22327694252634925,0.5170757904158312,40590585,40763013
rs143649755,chr12,40698884,40698884,125,10,75,5,50,5,0.9575427912745793,0,0.31624013777083587,0,0.6679704733939971,0.8848409735972071,0.41366310385906163,0,0.4012195121951219,0,0.9738096757386834,0.9150274178219684,40590585,40763013
rs7488873,chr12,40674594,40674594,57,176,37,88,20,88,0.777442991146873,0,1.2481540021692945,0,0.6749724720921371,0.9718636191097781,1.0011071879278088,0,0.9088330962639828,0,0.7381576313650373,0.08264751604361983,40590585,40763013
rs10878291,chr12,40660396,40660396,38,220,15,117,23,103,1.9384434762551355,0,0.49521147219178957,0,0.6779471290588996,0.9384747802416455,0.8748751824328698,0,0.35210984075040846,0,0.2754086517374442,0.3642365599634081,40590585,40763013
rs4473003,chr12,40681057,40681057,12,91,5,39,7,52,1.6789956653535334,0,1.857458493299574,0,0.6865895431654514,0.09460489167583983,2.1472124382748023,0,0.5477095252882599,0,0.6228753118328072,0.14963347337205252,40590585,40763013
rs7302503,chr12,40706531,40706531,52,314,28,154,24,160,1.4073972144951805,0,1.3929454959916232,0,0.6880655028401171,0.23063178743703186,0.5989980169084647,0,0.8032743870775569,0,0.1505252330012524,0.26055261984701333,40590585,40763013
rs963243,chr12,40725778,40725778,34,198,19,92,15,106,0.8131277591542639,0,0.9122241748711751,0,0.6890192640812347,0.9551853635650329,0.4452292557376175,0,1.2179007484189108,0,0.20751570350331,0.9090635167282732,40590585,40763013
rs12820920,chr12,40688081,40688081,47,58,22,33,25,25,0.6859934247734895,0,0.7360627395627929,0,0.693368256966874,0.5292290377046445,0.4940949120408859,0,0.9741324319340826,0,0.4735446683754491,0.49846584391902615,40590585,40763013
rs10732751,chr12,40733082,40733082,36,223,15,109,21,114,0.6634678585531816,0,0.4156572493074451,0,0.6985528991451181,0.10605991980210583,0.9556240501635238,0,0.3763459160436967,0,0.7950297490383476,0.6925294794211734,40590585,40763013
rs11176161,chr12,40746882,40746882,19,98,7,46,12,52,0.4106583282910705,0,1.1859277733638331,0,0.7100684456070373,0.9587162383200494,10.434010293380803,0,0.8744443051551734,0,0.2929083014141922,0.7336484913819232,40590585,40763013
rs4768230,chr12,40715302,40715302,15,12,8,5,7,7,0.22282828282828282,0,0.49008570921040945,0,0.7122962129196246,0.8668786729165285,0,0,0,0,1,1,40590585,40763013
rs11175935,chr12,40693806,40693806,399,61,193,33,206,28,1.045773806312788,0,0.6346290006857845,0,0.7175240806423532,0.5660607781896482,3.497711506328263,0,0.9970390858897408,0,0.17775929040047947,0.2551406263361258,40590585,40763013
rs10878341,chr12,40697477,40697477,108,43,47,25,61,18,1.3137561795581898,0,0.5274401286334859,0,0.7182294349515184,0.6178111777344334,0.15232234874609193,0,0.027484143763213533,0,0.3053533051382629,0.8111098314408648,40590585,40763013
rs7313895,chr12,40744394,40744394,10,61,4,30,6,31,0.6491659008318723,0,1.7901104356696707,0,0.7200643131763385,0.11662652681563702,0.7627222580068681,0,0.3446245176324355,0,0.1983634971304434,0.6937705921865834,40590585,40763013
rs10506150,chr12,40666760,40666760,57,23,31,13,26,10,0.5507182322794708,0,0.8247355759114091,0,0.7213389561279995,0.09023071678942507,0.9733891837616038,0,0.190801187272013,0,0.8381962361360847,0.5698909098607816,40590585,40763013
rs11176022,chr12,40716474,40716474,54,11,24,2,30,9,1.0316603888909275,0,1.832516414953691,0,0.723524841394745,0.6347597216975072,0.8665261756479384,0,0.12257824143070045,0,0.5699231444795707,0.15337940955783316,40590585,40763013
rs2708429,chr12,40603957,40603957,43,306,21,161,22,145,0.629988464878045,0,0.7673987885290157,0,0.7271273298490641,0.5811519872539457,0.41755075574573497,0,1.0373553202354955,0,0.5724617398869452,0.5341604427267422,40590585,40763013
rs11176160,chr12,40746867,40746867,16,122,7,57,9,65,0.4610363944752759,0,1.5136472659312468,0,0.736193182092671,0.009401290145606409,0.7020191678341478,0,3.1778917786540606,0,0.6017953368636073,0.19016117875525776,40590585,40763013
rs12426362,chr12,40759848,40759848,40,322,21,164,19,158,0.3779009612672979,0,0.47658871709452777,0,0.7381865829037342,0.5895816049743802,0.2957582582582583,0,0.579885565801683,0,0.21146064833496966,0.4689883059299172,40590585,40763013
rs2638230,chr12,40604075,40604075,110,156,58,90,52,66,0.6016825052601228,0,0.7248961652136394,0,0.7393339638907437,0.7997082389844776,0.743814516395049,0,1.4849923118928081,0,0.45618769581781093,0.1415339270794755,40590585,40763013
rs10748014,chr12,40615069,40615069,175,98,87,49,88,49,0.5960054622535711,0,0.6003296162777368,0,0.7466103931155729,0.3569510904194979,1.1277906961388737,0,0.6906758783015686,0,0.4250025953684705,0.49816407845869753,40590585,40763013
rs1365763,chr12,40734583,40734583,13,65,4,35,9,30,0.3866232777123866,0,0.3812926393777162,0,0.7477388325525096,0.2925325468649487,0.16006216006216006,0,1.5098780899267359,0,0.2881966496991667,0.3462695239138165,40590585,40763013
rs10878412,chr12,40746913,40746913,13,98,7,42,6,56,0.5463537362897705,0,0.9163759683545442,0,0.7485919463234819,0.1286640946538167,0.555393197184242,0,2.3704494036807358,0,0.50150287413227,0.20918262997396894,40590585,40763013
rs2708423,chr12,40594173,40594173,72,49,31,28,41,21,0.9884762952335716,0,1.005543894047644,0,0.7488081904091024,0.425092706881091,1.0339948395277532,0,1.0372627843489313,0,0.9134604586029222,0.11424283096082648,40590585,40763013
rs890575,chr12,40748395,40748395,15,159,9,59,6,100,0.8336826622540908,0,1.1408145776772105,0,0.7506305168327569,0.7317984237518154,7.888490735769594,0,0.6848917061505087,0,0.44440892807051424,0.10021452825994652,40590585,40763013
rs555187981,chr12,40590851,40590851,114,22,47,11,67,11,0.40825028531450924,0,0.3833401025424739,0,0.7535834636521817,0.34415085040111676,0.26160349206083183,0,0.37047628969901536,0,0.42789083113626203,0.0914657763294297,40590585,40763013
rs7137665,chr12,40716015,40716015,20,164,8,87,12,77,1.458145359903379,0,1.3780786272712815,0,0.7624471845368286,0.6664236185063189,1.611380893736805,0,0.9024379675485013,0,0.7039903007985571,0.2874054046339801,40590585,40763013
rs7307562,chr12,40724960,40724960,11,26,3,8,8,18,2.209078622418263,0,1.178781845909169,0,0.7644581239539985,0.645921655514909,0.23344370860927152,0,0.48358348968105064,0,0.18236887289947795,0.18236887289947795,40590585,40763013
rs7955902,chr12,40645257,40645257,95,124,42,59,53,65,0.7314638919365979,0,0.9211429224788965,0,0.7738852921452699,0.014919595591366224,0.7446756401894216,0,0.48498449195082266,0,0.7321387987243952,0.3312857899872324,40590585,40763013
rs10878368,chr12,40714785,40714785,34,222,12,118,22,104,0.6969045963755229,0,1.11049419654191,0,0.7827241347196453,0.7694482517051171,0.583829938349842,0,1.057776086186388,0,0.16347728013286783,0.08040479902348253,40590585,40763013
rs28365224,chr12,40690944,40690944,121,21,50,11,71,10,1.7229974673623,0,0.6077632136865586,0,0.7849448923315785,0.4129905718297924,2.5125884402103034,0,2.9395906233757114,0,0.2589753628901871,0.6811988971142349,40590585,40763013
rs1427263,chr12,40713834,40713834,10,48,8,29,2,19,0.17666666666666667,0,0.24080298604195277,0,0.7849788556460688,0.06619520882735162,0,0,4.20812560742434,0,0.1460436811400086,0.5898914083491926,40590585,40763013
rs2708435,chr12,40614656,40614656,226,122,107,57,119,65,0.6819159552532729,0,0.8448868733567244,0,0.7888320873347523,0.5485868897635893,1.0351378217292897,0,0.7501090351109544,0,0.7194985575443782,0.8413596841084476,40590585,40763013
rs7308626,chr12,40747929,40747929,18,163,9,88,9,75,1.5342531847187495,0,1.7291298559805188,0,0.7894016306028635,0.2805724172855483,1.9310094651459258,0,1.367646368229238,0,0.8588343925475174,0.9613123745340266,40590585,40763013
rs10784528,chr12,40751979,40751979,19,152,11,86,8,66,1.1654917229710107,0,1.2146893867282487,0,0.7950240213878131,0.19493881599002258,1.1969838332760854,0,0.518665419921026,0,0.3576629768377042,0.21953347824800162,40590585,40763013
rs3761863,chr12,40758652,40758652,26,194,11,107,15,87,2.5007506000418918,0,1.7037567676619303,0,0.8018663831123227,0.1736995770443083,3.767739909147194,0,2.4811995081069207,0,0.882362713481949,0.7086044282953112,40590585,40763013
rs1427265,chr12,40711998,40711998,37,238,16,125,21,113,0.6544343502124461,0,1.1780278484499547,0,0.8032222453428388,0.005651608120060899,1.2618811108761983,0,1.4486734061992055,0,0.7247183919005125,0.23939588086633137,40590585,40763013
rs17444096,chr12,40720301,40720301,141,11,69,5,72,6,4.336271073753632,0.7878787878787878,2.407671379686522,0.7100591715976331,0.8122358068744664,0.5589307643653516,8.017227190994616,0,5.951682802868486,0,0.9467446651635978,0.38306217174568824,40590585,40763013
rs116447010,chr12,40725281,40725281,131,23,61,9,70,14,0.5867374208863649,0,0.4288817317536827,0,0.8162558695817324,0.028251035295928442,0.19546830439489332,0,0,0,0.3466964791633497,0.7663420234959102,40590585,40763013
rs17443407,chr12,40644503,40644503,302,63,133,26,169,37,0.6583887989266092,0,0.9362620308211188,0,0.8195174471057317,0.907748109224884,0.45303921666871166,0,0.5921591571764396,0,0.13350963868402962,0.6441686179229267,40590585,40763013
rs151100510,chr12,40640412,40640412,315,70,136,34,179,36,1.0023463641744275,0,0.662001409532931,0,0.8203439856485771,0.18134763924695868,0.6088718703756998,0,0.49145423198133437,0,0.5759678666950099,0.7052598881308565,40590585,40763013
rs10878410,chr12,40746676,40746676,38,203,20,93,18,110,1.2886256490104073,0,2.077529286172303,0,0.8231964746311234,0.5509604118118736,6.61929787507781,0,4.120199275567892,0,0.8326248729065544,0.7542563982311219,40590585,40763013
rs11829088,chr12,40727779,40727779,343,20,186,13,157,7,0.68555740222454975,0,0.5038368186725913,0,0.8254510798560151,0.3890751372273202,0.9555707139845149,0,0.5190554459785229,0,0.7851328165912652,0.07368387130146109,40590585,40763013
rs1427273,chr12,40732730,40732730,21,135,14,68,7,67,1.6214299324503407,0,1.0620365896857413,0,0.8255340087579619,0.063481088482672,0.08671171171171171,0,0.4377273081649984,0,0.7320185843923654,0.5129133526112705,40590585,40763013
rs73108329,chr12,40661053,40661053,328,64,167,30,161,34,0.5581660759482794,0,0.5089520511773503,0,0.8366576189938759,0.47251019053005194,0.2964151163605876,0,0.3047801652863112,0,0.17057631279282148,0.3912983159786468,40590585,40763013
rs2263420,chr12,40606007,40606007,121,172,75,85,46,87,0.6393559883925898,0,0.6140645206781452,0,0.8387271203270971,0.8461322081025565,0.8485758218873942,0,0.843188966681156,0,0.5381050056539554,0.960836892611733,40590585,40763013
rs17443958,chr12,40711889,40711889,333,37,189,21,144,16,1.390172405763567,0,1.5870384634850623,0,0.8395600488534372,0.397340988633899,1.6564687492778551,0,0.5627011686794859,0,0.35265608414684685,0.6002778611932088,40590585,40763013
rs56325408,chr12,40685846,40685846,245,46,105,25,140,21,1.0147696521299394,0,0.8832674733592405,0,0.8447829601075688,0.29529657319218605,2.5336636913591057,0,0.08672276764843385,0,0.03690519521190772,0.3397679404355254,40590585,40763013
rs11175793,chr12,40662039,40662039,163,27,84,16,79,11,1.308941884315914,0,1.47610074790343,0,0.8465955133142207,0.31563791473605973,0.6269035537368113,0,0.5472081725425548,0,0.24075980421856316,0.20897602010517383,40590585,40763013
rs2131086,chr12,40600942,40600942,176,236,86,109,90,127,1.3116885488934977,0,1.244494003741504,0,0.8543807961251342,0.3913745646480771,1.2850311922437598,0,1.070666050613055,0,0.31065775837480347,0.15620854887362007,40590585,40763013
rs11175911,chr12,40686731,40686731,33,35,15,21,18,14,0.7069054978466341,0,0.8243918774323947,0,0.86194863682118,0.28238273194491625,0.37939015674069715,0,0.48009549000366103,0,0.738864235316844,0.6617255197119547,40590585,40763013
rs7976715,chr12,40749150,40749150,33,184,12,89,21,95,0.45196502365908636,0,0.7326841472578344,0,0.8652147352916146,0.2119991577903454,0.6609168032494576,0,0.9699805187883292,0,0.7235230456369279,0.7104017791566235,40590585,40763013
rs7976724,chr12,40749172,40749172,26,181,10,86,16,95,0.2789870751872926,0,0.7315264674432649,0,0.8685617444079698,0.45646191447743734,0.994278388991903,0,2.008994903010902,0,0.4800014747481544,0.6411432535585213,40590585,40763013
rs17519426,chr12,40606882,40606882,287,75,130,31,157,44,0.5594706590884239,0,0.35147680318850927,0,0.8781023053416317,0.8801411035440171,0.44951447178257026,0,0.12114129572262723,0,0.10993188010749762,0.03789335890535699,40590585,40763013
rs7305344,chr12,40702846,40702846,29,182,17,81,12,101,0.9076713765311721,0,1.0734179775311186,0,0.8854202798042812,0.2505684742271382,0.7640039420081812,0,0.5033379507126854,0,0.7243520232996845,0.8744674382590601,40590585,40763013
rs2404832,chr12,40722452,40722452,89,41,42,24,47,17,1.8099161414750127,0,1.655358488007179,0,0.8897387898412082,0.7664096757221937,0.8606726233915879,0,0.45790547623525735,0,0.34150776595251436,0.7270701774952677,40590585,40763013
rs11175934,chr12,40693801,40693801,398,64,193,35,205,29,1.0384140162603093,0,0.7549543445495143,0,0.893125685263679,0.21500211781279605,3.511400749450019,0,1.0763642445368646,0,0.32606850989463154,0.6912024544993107,40590585,40763013
rs11176030,chr12,40718453,40718453,35,42,17,16,18,26,0.42133857341394076,0,0.41097848963756684,0,0.897126411934367,0.4334164062829571,1.159226022954493,0,0.41571045009391894,0,0.7646180891357586,0.8848043495342424,40590585,40763013
rs17466605,chr12,40759980,40759980,45,346,20,181,25,165,0.3680983390765981,0,0.4102580953622681,0,0.8990479405337277,0.4696661370199635,0,0,0.4806555389236551,0,0.03381529680200212,0.3535827378163572,40590585,40763013
rs4272849,chr12,40670801,40670801,202,222,104,105,98,117,0.43302155573222223,0,0.871599043305505,0,0.9011865144660103,0.011834004242359832,0.1752259868593967,0,0.34081808430168703,0,0.4989578111612367,0.5134850674806131,40590585,40763013
rs1427264,chr12,40712193,40712193,13,65,5,35,8,30,0.39121678075913524,0,0.6828301865194746,0,0.9020986610896129,0.5331176328785887,1.9897664482481514,0,0.7184672182187076,0,0.2662937025513233,0.89418029379303,40590585,40763013
rs1491932,chr12,40602224,40602224,64,118,26,53,38,65,1.4705172124186086,0,0.8363633212738483,0,0.9117077903325596,0.5082199447248509,0.5757166583257465,0,0.998410259551294,0,0.6693071444625853,0.44986693842557707,40590585,40763013
rs10878220,chr12,40608880,40608880,209,118,96,55,113,63,0.5488214634090285,0,0.9157489925141844,0,0.9139907178941618,0.5853191436025469,0.8496464237024167,0,1.1006578673604352,0,0.9236310475786278,0.11929497729143436,40590585,40763013
rs11176143,chr12,40742363,40742363,68,55,31,28,37,27,0.40753981366539965,0,0.8491356345901541,0,0.914497858569425,0.7764081213863615,0.4240067406215067,0,0.5362091791695217,0,0.6890460145777122,0.6817837346772762,40590585,40763013
rs2256286,chr12,40619542,40619542,32,272,16,128,16,144,0.5678359065949764,0,0.7653344623114663,0,0.9193255520564492,0.6629928463401777,0.5899532738673926,0,0.38702600626038675,0,0.5041915166309764,0.4143093970269841,40590585,40763013
rs3747892,chr12,40718871,40718871,291,61,144,33,147,28,0.5964834841263602,0,0.555513767860632,0,0.9395173959888854,0.8448595738134625,0.564444150354359,0,0.8806986363443439,0,0.23853192818729593,0.4526810165758819,40590585,40763013
rs10878377,chr12,40720004,40720004,40,294,24,145,16,149,1.746545736387096,0,2.041601499524195,0,0.94491307247642,0.5998981710315607,0.7928453105423304,0,2.113068455089572,0,0.03206328187454509,0.9076791933858203,40590585,40763013
rs10459264,chr12,40738008,40738008,162,14,74,8,88,6,2.4888668637931874,0,3.2991586658544274,0,0.9501365000771799,0.9572524692500661,0.8554458996912326,0,5.572864740780866,0,0.00626441208219469,0.08656620069581969,40590585,40763013
rs10878302,chr12,40669826,40669826,181,62,91,25,90,37,0.47367469364619685,0,0.46787007213422493,0,0.9522861416114737,0.29135249840981103,0.6975296451003703,0,0.33241671655326854,0,0.9547167008243099,0.11817138294179363,40590585,40763013
rs10878411,chr12,40746849,40746849,17,126,8,58,9,68,0.609557700181054,0,1.4837777830291983,0,0.9528646606786972,0.6964444007955933,1.555595374923106,0,3.3030130875021806,0,0.800011439857807,0.6947503512482327,40590585,40763013
rs17490865,chr12,40659706,40659706,200,41,116,23,84,18,1.263734572229986,0,0.8383498789642507,0,0.9568628211493275,0.2958990379259365,0.9834337131635233,0,0.9054753921225863,0,0.14073024643608345,0.4543661401357318,40590585,40763013
rs4768221,chr12,40597545,40597545,155,100,73,44,82,56,2.2321296157350945,0,1.6814970411543448,0,0.964241294577933,0.19192874687820316,1.4565233061885137,0,1.0283346916265073,0,0.06271295524985329,0.3095187533453007,40590585,40763013
rs59493060,chr12,40725319,40725319,132,25,71,10,61,15,0.5773969207914131,0,0.4582446626011432,0,0.9662216434961955,0.5295466736269716,0.3060064909095261,0,0,0,0.2819179582291233,0.9711961794417042,40590585,40763013
rs17519846,chr12,40678341,40678341,14,21,9,9,5,12,0.22410304427446176,0,0.3314970336311439,0,0.9825179911099683,0.5688694822505007,0.11311895276038701,0,0.16034555415086388,0,0.8342867635089182,0.8342867635089182,40590585,40763013
rs11175964,chr12,40702987,40702987,218,48,112,24,106,24,0.9720898964385517,0,0.7231192514052424,0,0.9833816703780209,0.0032495927279608244,2.2649934411492016,0,1.1064978144636912,0,0.06440024347513433,0.32664372449043794,40590585,40763013
rs5006481,chr12,40687698,40687698,46,35,27,20,19,15,1.9182153154029058,0.13303769401330376,2.9093381640246654,0,0.9836932661919837,0.6939882561477307,0.3470218474657646,0,0.5328139695858705,0,0.1786642458907624,0.36568190807697837,40590585,40763013
rs112643657,chr12,40618810,40618810,115,28,57,11,58,17,2.8774820214249996,0.6857923497267759,1.9421671879253208,0.7416500124090546,0.9851112583567097,0.4683741971257977,0.9914502206272235,0,0.9749297432502023,0,0.8328794865245368,0.6758649679320117,40590585,40763013
rs10878336,chr12,40693225,40693225,135,25,63,17,72,8,0.643165415784585,0,0.6389803802906858,0,0.9883531721992013,0.8494897721746555,0.5258132762215129,0,0.25364284264729164,0,0.7726817093135032,0.7520401929133829,40590585,40763013
rs10784428,chr12,40604608,40604608,76,106,37,35,39,71,0.5572549567542701,0,0.4045002773101821,0,0.9884169427164942,0.6526748920060853,0.09893072362049683,0,0.36765521819137736,0,0.09920564869137267,0.10047774637474369,40590585,40763013
rs2638272,chr12,40609883,40609883,197,82,108,40,89,42,1.2316998331624118,0,1.3215801954797963,0,0.9909640465873135,0.473214763941653,1.1940434110315878,0,0.5571057022995451,0,0.734086344700553,0.6547355614448429,40590585,40763013
rs17443304,chr12,40605204,40605204,349,33,192,19,157,14,0.7752840521749204,0,1.2807400366552748,0,0.9942379293563158,0.2500116070418722,4.68988737120984,0,1.9199775757486006,0,0.4303258343864841,0.5823178847731088,40590585,40763013
rs10784444,chr12,40633488,40633488,38,68,24,39,14,29,0.7193064160114743,0,0.9462072600048712,0,0.9966925565320124,0.9735452254318613,0.2630543707813988,0,0.22794117647058823,0,0.2760302084063797,0.9178082121901219,40590585,40763013
