Dataset,Gene,SNP,PIP,CHR,POS,Effect,P,Coord,leadSNP,credible_set
Nalls_23andMe,LRRK2,rs11174697,0.0279800194251054,12,40396449,0.3586,8.412e-36,12:40396449,FALSE,TRUE
Nalls_23andMe,LRRK2,rs11564199,0.0323426417665504,12,40429696,0.3602,7.031e-36,12:40429696,FALSE,TRUE
Nalls_23andMe,LRRK2,rs140722239,0.752994106431331,12,40388109,0.3869,2.691e-37,12:40388109,FALSE,TRUE
Nalls_23andMe,LRRK2,rs28370664,0.11858750292236,12,40413305,0.3709,1.62e-36,12:40413305,FALSE,TRUE
Nalls_23andMe,LRRK2,rs28370830,0.0200318179417118,12,40425604,-0.3553,1.423e-35,12:40425604,FALSE,TRUE
Nalls_23andMe,SNCA,rs356182,0.99209572796285,4,90626111,-0.2774,3.89e-154,4:90626111,TRUE,TRUE
Nalls_23andMe,VPS13C,rs2243453,0.123971976540092,15,61994586,-0.1172,1.078e-17,15:61994586,FALSE,TRUE
Nalls_23andMe,VPS13C,rs2248032,0.0815181627142443,15,61995237,0.1165,1.83e-17,15:61995237,FALSE,TRUE
Nalls_23andMe,VPS13C,rs2248041,0.177894542331919,15,61995285,-0.1178,9.962e-18,15:61995285,FALSE,TRUE
Nalls_23andMe,VPS13C,rs2250980,0.119939908607391,15,61996981,-0.118,9.545e-18,15:61996981,FALSE,TRUE
Nalls_23andMe,VPS13C,rs2251086,0.288668256491681,15,61997385,-0.1186,6.077e-18,15:61997385,TRUE,TRUE
Nalls_23andMe,VPS13C,rs2414739,0.0320554838155858,15,61994134,0.0906,3.732e-17,15:61994134,FALSE,TRUE
Nalls_23andMe,VPS13C,rs4341693,0.0608714461348524,15,61997599,-0.0923,2.208e-17,15:61997599,FALSE,TRUE
Nalls_23andMe,VPS13C,rs4774417,0.0705544153159559,15,61993702,0.0908,1.895e-17,15:61993702,FALSE,TRUE
Nalls_23andMe,C5orf24,rs10515464,0.0261885343376802,5,133939541,-0.0867,2.737e-08,5:133939541,FALSE,TRUE
Nalls_23andMe,C5orf24,rs11242227,0.031483246688027,5,134135076,0.0878,2.031e-08,5:134135076,FALSE,TRUE
Nalls_23andMe,C5orf24,rs116460028,0.031048101518897,5,134135533,-0.0872,2.408e-08,5:134135533,FALSE,TRUE
Nalls_23andMe,C5orf24,rs11948613,0.0253147831817178,5,133947011,0.0866,2.85e-08,5:133947011,FALSE,TRUE
Nalls_23andMe,C5orf24,rs11950533,0.0956671414046885,5,134199105,-0.0916,7.161e-09,5:134199105,TRUE,TRUE
Nalls_23andMe,C5orf24,rs11950943,0.0291556875113105,5,133916719,0.0859,2.309e-08,5:133916719,FALSE,TRUE
Nalls_23andMe,C5orf24,rs11955140,0.0122527183661494,5,134160040,0.0866,6.879e-08,5:134160040,FALSE,TRUE
Nalls_23andMe,C5orf24,rs11956597,0.0172189228411453,5,134098758,0.0871,4.295e-08,5:134098758,FALSE,TRUE
Nalls_23andMe,C5orf24,rs12654944,0.0438718554331997,5,134036784,-0.0916,1.506e-08,5:134036784,FALSE,TRUE
Nalls_23andMe,C5orf24,rs12655433,0.0240264622986848,5,133979933,0.087,3.079e-08,5:133979933,FALSE,TRUE
Nalls_23andMe,C5orf24,rs12655863,0.0300067134232093,5,133923910,0.0871,2.513e-08,5:133923910,FALSE,TRUE
Nalls_23andMe,C5orf24,rs12657663,0.0368740078743307,5,134076812,-0.0922,1.942e-08,5:134076812,FALSE,TRUE
Nalls_23andMe,C5orf24,rs12658868,0.031048101518897,5,134160995,0.0872,2.324e-08,5:134160995,FALSE,TRUE
Nalls_23andMe,C5orf24,rs141776401,0.0294196662640942,5,133925785,-0.0876,2.34e-08,5:133925785,FALSE,TRUE
Nalls_23andMe,C5orf24,rs142547906,0.0269771316384425,5,133936194,-0.0879,2.458e-08,5:133936194,FALSE,TRUE
Nalls_23andMe,C5orf24,rs145506998,0.0317178338425322,5,134084999,-0.0895,2.341e-08,5:134084999,FALSE,TRUE
Nalls_23andMe,C5orf24,rs17167630,0.016532673308094,5,133922901,0.0826,4.387e-08,5:133922901,FALSE,TRUE
Nalls_23andMe,C5orf24,rs17167632,0.0332442113502338,5,133930528,-0.0874,2.103e-08,5:133930528,FALSE,TRUE
Nalls_23andMe,C5orf24,rs1867518,0.0100149943288669,5,133922285,0.0806,7.676e-08,5:133922285,FALSE,TRUE
Nalls_23andMe,C5orf24,rs2108665,0.0344017387302972,5,134136333,-0.0875,2.152e-08,5:134136333,FALSE,TRUE
Nalls_23andMe,C5orf24,rs254710,0.0119492261038799,5,134112475,-0.0849,6.847e-08,5:134112475,FALSE,TRUE
Nalls_23andMe,C5orf24,rs34765815,0.0332442113502338,5,134178994,0.0874,2.236e-08,5:134178994,FALSE,TRUE
Nalls_23andMe,C5orf24,rs3748044,0.031048101518897,5,134180945,-0.0872,2.397e-08,5:134180945,FALSE,TRUE
Nalls_23andMe,C5orf24,rs58249753,0.00762699170410308,5,133925276,0.0798,1.056e-07,5:133925276,FALSE,TRUE
Nalls_23andMe,C5orf24,rs58746189,0.00873701545168037,5,133920854,0.0802,9.668e-08,5:133920854,FALSE,TRUE
Nalls_23andMe,C5orf24,rs59581994,0.0105847363415572,5,133920678,-0.0813,6.533e-08,5:133920678,FALSE,TRUE
Nalls_23andMe,C5orf24,rs60191893,0.0323687283773674,5,134080856,-0.0918,2.28e-08,5:134080856,FALSE,TRUE
Nalls_23andMe,C5orf24,rs61465879,0.023783122122535,5,133921081,0.0842,3.021e-08,5:133921081,FALSE,TRUE
Nalls_23andMe,C5orf24,rs76945664,0.0384224311162072,5,134079281,-0.0912,1.969e-08,5:134079281,FALSE,TRUE
Nalls_23andMe,C5orf24,rs7712535,0.00696158824448712,5,133939357,0.079,1.092e-07,5:133939357,FALSE,TRUE
Nalls_23andMe,C5orf24,rs7728741,0.00797859432008274,5,133942492,0.0794,1.023e-07,5:133942492,FALSE,TRUE
Nalls_23andMe,C5orf24,rs77750312,0.0117911726439105,5,133920206,-0.0854,6.506e-08,5:133920206,FALSE,TRUE
Nalls_23andMe,C5orf24,rs77949585,0.0304334206392379,5,133924478,0.0877,2.181e-08,5:133924478,FALSE,TRUE
Nalls_23andMe,C5orf24,rs78041634,0.0141104249832537,5,134103063,-0.0903,5.477e-08,5:134103063,FALSE,TRUE
Nalls_23andMe,C5orf24,rs78405587,0.0166312294882051,5,133920817,0.0859,4.29e-08,5:133920817,FALSE,TRUE
Nalls_23andMe,C5orf24,rs79346062,0.0186835343261508,5,133937378,-0.0857,4.205e-08,5:133937378,FALSE,TRUE
Nalls_23andMe,C5orf24,rs79706599,0.0336681689489093,5,134077442,-0.0908,2.021e-08,5:134077442,FALSE,TRUE
Nalls_23andMe,IP6K2,rs10865952,0.0437888556977364,3,48744484,-0.0607,6.855e-10,3:48744484,FALSE,TRUE
Nalls_23andMe,IP6K2,rs12497850,0.171788342758141,3,48748989,0.0636,1.362e-10,3:48748989,TRUE,TRUE
Nalls_23andMe,IP6K2,rs1352420,0.0408141861138256,3,48757291,-0.0612,5.387e-10,3:48757291,FALSE,TRUE
Nalls_23andMe,IP6K2,rs4858798,0.042808902878632,3,48727112,0.0619,6.599e-10,3:48727112,FALSE,TRUE
Nalls_23andMe,IP6K2,rs4858828,0.0408141861138256,3,48724811,0.0612,5.655e-10,3:48724811,FALSE,TRUE
Nalls_23andMe,KCNIP3,rs10195614,0.00645610720579737,2,95957777,0.0585,1.381e-07,2:95957777,FALSE,TRUE
Nalls_23andMe,KCNIP3,rs10874471,0.0220592625466526,2,96038093,0.075,3.408e-08,2:96038093,FALSE,TRUE
Nalls_23andMe,KCNIP3,rs11897976,0.0245701701074089,2,96007303,-0.062,3.448e-08,2:96007303,FALSE,TRUE
Nalls_23andMe,KCNIP3,rs12468777,0.0256552926258874,2,96038810,0.0754,2.939e-08,2:96038810,FALSE,TRUE
Nalls_23andMe,KCNIP3,rs12992066,0.00344646668857518,2,95947085,-0.0581,2.765e-07,2:95947085,FALSE,TRUE
Nalls_23andMe,KCNIP3,rs1559483,0.0115633123055156,2,95969879,-0.0598,6.195e-08,2:95969879,FALSE,TRUE
Nalls_23andMe,KCNIP3,rs1862897,0.0182758734320028,2,96015741,-0.0619,3.801e-08,2:96015741,FALSE,TRUE
Nalls_23andMe,KCNIP3,rs2042477,0.0477594685004995,2,96000943,-0.0657,1.375e-08,2:96000943,TRUE,TRUE
Nalls_23andMe,KCNIP3,rs2113417,0.026935217989383,2,95999856,0.0622,3.103e-08,2:95999856,FALSE,TRUE
Nalls_23andMe,KCNIP3,rs2113419,0.0237874164806354,2,96033635,-0.0752,3.149e-08,2:96033635,FALSE,TRUE
Nalls_23andMe,KCNIP3,rs2291991,0.00306323415718102,2,95720630,0.0568,2.977e-07,2:95720630,FALSE,TRUE
Nalls_23andMe,KCNIP3,rs2320339,0.00269088626407099,2,95950045,-0.0565,3.502e-07,2:95950045,FALSE,TRUE
Nalls_23andMe,KCNIP3,rs2320431,0.0358268457837941,2,96024876,0.0774,2.31e-08,2:96024876,FALSE,TRUE
Nalls_23andMe,KCNIP3,rs3105098,0.00882413815242489,2,95698210,0.0608,1.054e-07,2:95698210,FALSE,TRUE
Nalls_23andMe,KCNIP3,rs3112982,0.00168162372699499,2,95715867,-0.0554,5.615e-07,2:95715867,FALSE,TRUE
Nalls_23andMe,KCNIP3,rs3112990,0.00291997015478906,2,95750419,-0.0572,2.994e-07,2:95750419,FALSE,TRUE
Nalls_23andMe,KCNIP3,rs3755518,0.0332305588966156,2,96023631,0.0772,2.466e-08,2:96023631,FALSE,TRUE
Nalls_23andMe,KCNIP3,rs3755519,0.0126602555204869,2,95989272,-0.06,5.996e-08,2:95989272,FALSE,TRUE
Nalls_23andMe,KCNIP3,rs3755520,0.0110520797067204,2,95985231,0.0597,7.092e-08,2:95985231,FALSE,TRUE
Nalls_23andMe,KCNIP3,rs3755521,0.0110520797067204,2,95983226,-0.0597,6.784e-08,2:95983226,FALSE,TRUE
Nalls_23andMe,KCNIP3,rs3755523,0.0115633123055156,2,95974818,-0.0598,6.275e-08,2:95974818,FALSE,TRUE
Nalls_23andMe,KCNIP3,rs3755525,0.0154998855344688,2,95962548,-0.0599,5.808e-08,2:95962548,FALSE,TRUE
Nalls_23andMe,KCNIP3,rs3755526,0.00284466602885447,2,95961417,0.0602,3.488e-07,2:95961417,FALSE,TRUE
Nalls_23andMe,KCNIP3,rs3772031,0.0234688901740396,2,96014891,0.0619,3.766e-08,2:96014891,FALSE,TRUE
Nalls_23andMe,KCNIP3,rs3772032,0.0245701701074089,2,96014132,0.062,3.6e-08,2:96014132,FALSE,TRUE
Nalls_23andMe,KCNIP3,rs3772033,0.019119219350051,2,96013828,0.062,3.834e-08,2:96013828,FALSE,TRUE
Nalls_23andMe,KCNIP3,rs3772034,0.0158975541729357,2,95989766,0.0605,4.692e-08,2:95989766,FALSE,TRUE
Nalls_23andMe,KCNIP3,rs3772037,0.0145108132894681,2,95988592,0.0603,5.268e-08,2:95988592,FALSE,TRUE
Nalls_23andMe,KCNIP3,rs3772041,0.0110520797067204,2,95972707,0.0597,6.824e-08,2:95972707,FALSE,TRUE
Nalls_23andMe,KCNIP3,rs3772042,0.0110520797067204,2,95970952,0.0597,7.26e-08,2:95970952,FALSE,TRUE
Nalls_23andMe,KCNIP3,rs3772043,0.0128975483091809,2,95966744,-0.0595,6.812e-08,2:95966744,FALSE,TRUE
Nalls_23andMe,KCNIP3,rs3772044,0.0219249340119929,2,95966046,-0.0612,3.25e-08,2:95966046,FALSE,TRUE
Nalls_23andMe,KCNIP3,rs3821341,0.00993720926174457,2,95995954,0.06,8.532e-08,2:95995954,FALSE,TRUE
Nalls_23andMe,KCNIP3,rs4283455,0.0174708019092671,2,95999215,0.0618,4.105e-08,2:95999215,FALSE,TRUE
Nalls_23andMe,KCNIP3,rs4854251,0.0229065640492638,2,96037247,0.0751,3.257e-08,2:96037247,FALSE,TRUE
Nalls_23andMe,KCNIP3,rs58610630,0.0247031852234304,2,96025229,0.0753,3.017e-08,2:96025229,FALSE,TRUE
Nalls_23andMe,KCNIP3,rs60806696,0.0107847093224276,2,95555581,0.0892,7.153e-08,2:95555581,FALSE,TRUE
Nalls_23andMe,KCNIP3,rs61649840,0.0406788194437961,2,96025765,0.0783,1.632e-08,2:96025765,FALSE,TRUE
Nalls_23andMe,KCNIP3,rs6577012,0.0120989704843891,2,95971422,0.0599,6.055e-08,2:95971422,FALSE,TRUE
Nalls_23andMe,KCNIP3,rs6577013,0.0110520797067204,2,95984930,0.0597,6.798e-08,2:95984930,FALSE,TRUE
Nalls_23andMe,KCNIP3,rs6715813,0.0110520797067204,2,95970366,0.0597,6.719e-08,2:95970366,FALSE,TRUE
Nalls_23andMe,KCNIP3,rs6741001,0.0245701701074089,2,96002651,-0.062,3.497e-08,2:96002651,FALSE,TRUE
Nalls_23andMe,KCNIP3,rs6750542,0.0257247295832992,2,96011838,-0.0621,3.304e-08,2:96011838,FALSE,TRUE
Nalls_23andMe,KCNIP3,rs72817686,0.00204839197502527,2,95556720,-0.0614,5.254e-07,2:95556720,FALSE,TRUE
Nalls_23andMe,KCNIP3,rs72819488,0.0249196240107763,2,95947099,-0.0792,3.096e-08,2:95947099,FALSE,TRUE
Nalls_23andMe,KCNIP3,rs7574862,0.0162313471407156,2,95968205,-0.06,5.576e-08,2:95968205,FALSE,TRUE
Nalls_23andMe,KCNIP3,rs7580685,0.0115633123055156,2,95979296,0.0598,6.441e-08,2:95979296,FALSE,TRUE
Nalls_23andMe,KCNIP3,rs7594144,0.0120989704843891,2,95973131,-0.0599,6.061e-08,2:95973131,FALSE,TRUE
Nalls_23andMe,KCNIP3,rs7602807,0.0209283134630536,2,96012907,-0.0622,3.386e-08,2:96012907,FALSE,TRUE
Nalls_23andMe,KCNIP3,rs869185,0.0358268457837941,2,96024156,-0.0774,2.223e-08,2:96024156,FALSE,TRUE
Nalls_23andMe,KCNIP3,rs870393,0.0120989704843891,2,95982093,0.0599,6.138e-08,2:95982093,FALSE,TRUE
Nalls_23andMe,KCNIP3,rs889851,0.0110520797067204,2,95980340,-0.0597,6.768e-08,2:95980340,FALSE,TRUE
Nalls_23andMe,KCNIP3,rs889852,0.0115633123055156,2,95977790,-0.0598,6.38e-08,2:95977790,FALSE,TRUE
Nalls_23andMe,KCNIP3,rs889853,0.0110520797067204,2,95977591,-0.0597,6.726e-08,2:95977591,FALSE,TRUE
Nalls_23andMe,KCNIP3,rs918811,0.0171617506118327,2,96003762,-0.0634,4.024e-08,2:96003762,FALSE,TRUE
Nalls_23andMe,KCNIP3,rs954078,0.0042404299722667,2,95937997,0.0731,2.291e-07,2:95937997,FALSE,TRUE
Nalls_23andMe,KCNIP3,rs9678800,0.0245701701074089,2,96009318,0.062,3.582e-08,2:96009318,FALSE,TRUE
Nalls_23andMe,KCNIP3,rs9989786,0.00728204164725366,2,95967746,-0.0593,1.204e-07,2:95967746,FALSE,TRUE
Nalls_23andMe,GBF1,rs10748818,0.460801616862508,10,104015279,-0.079,1.05e-09,10:104015279,TRUE,TRUE
Nalls_23andMe,GBF1,rs11191284,0.0204288439494819,10,104164210,0.0612,2.999e-08,10:104164210,FALSE,TRUE
Nalls_23andMe,GBF1,rs11598856,0.0122522947667731,10,103940629,-0.0612,5.413e-08,10:103940629,FALSE,TRUE
Nalls_23andMe,GBF1,rs2296887,0.439441957616459,10,104005410,-0.0795,1.243e-09,10:104005410,FALSE,TRUE
Nalls_23andMe,GBF1,rs9420867,0.00668338381760802,10,103853780,-0.0551,1.236e-07,10:103853780,FALSE,TRUE
Nalls_23andMe,SCARB2,rs1946959,0.20507739294995,4,77196677,-0.0907,9.937e-21,4:77196677,FALSE,TRUE
Nalls_23andMe,SCARB2,rs6812193,0.270988928468989,4,77198986,-0.091,7.436e-21,4:77198986,FALSE,TRUE
Nalls_23andMe,SCARB2,rs6854006,0.326466489548578,4,77198054,-0.0912,5.817e-21,4:77198054,FALSE,TRUE
Nalls_23andMe,SCARB2,rs6858114,0.181176801520695,4,77198465,-0.0915,1.119e-20,4:77198465,FALSE,TRUE
Posthuma_2018,PTK2B,rs17057043,0.0633069598812939,8,27220310,0.0144286468765417,3.84771501097e-11,8:27220310,FALSE,TRUE
Posthuma_2018,PTK2B,rs2322599,0.18353418273087,8,27211910,0.0147733202261837,1.23756135794e-11,8:27211910,FALSE,TRUE
Posthuma_2018,PTK2B,rs28834970,0.216817640052004,8,27195121,0.0148819516833115,1.03605921525e-11,8:27195121,TRUE,TRUE
Posthuma_2018,PTK2B,rs6987305,0.181364471806656,8,27208126,0.0147394121877873,1.25335415299e-11,8:27208126,FALSE,TRUE
Posthuma_2018,PTK2B,rs73223431,0.176751187554272,8,27219987,0.0148443091908507,1.28826468315e-11,8:27219987,FALSE,TRUE
Posthuma_2018,PTK2B,rs755951,0.174301851888747,8,27226790,0.0145908174441445,1.3075757318e-11,8:27226790,FALSE,TRUE
Marioni_2018,PTK2B,rs17057043,0.0579160984247245,8,27220310,0.0627,5.911e-15,8:27220310,FALSE,TRUE
Marioni_2018,PTK2B,rs2322599,0.2143569302999,8,27211910,0.0641,9.012e-16,8:27211910,FALSE,TRUE
Marioni_2018,PTK2B,rs28834970,0.312912441294006,8,27195121,-0.0645,6.199e-16,8:27195121,FALSE,TRUE
Marioni_2018,PTK2B,rs6987305,0.195073302176858,8,27208126,0.064,1.223e-15,8:27208126,FALSE,TRUE
Marioni_2018,PTK2B,rs73223431,0.195073302176858,8,27219987,0.064,9.902e-16,8:27219987,FALSE,TRUE
Lambert_2013,PTK2B,rs2322599,0.13788857935325,8,27211910,0.0915,1.146e-08,8:27211910,FALSE,TRUE
Lambert_2013,PTK2B,rs28834970,0.417182709422629,8,27195121,0.0959,3.273e-09,8:27195121,TRUE,TRUE
Lambert_2013,PTK2B,rs6987305,0.2655778630822,8,27208126,0.094,5.306e-09,8:27208126,FALSE,TRUE
Lambert_2013,PTK2B,rs73223431,0.110049094965381,8,27219987,0.0914,1.378e-08,8:27219987,FALSE,TRUE
Lambert_2013,PTK2B,rs7831810,0.0202960900106888,8,27430506,0.083,9.331e-08,8:27430506,FALSE,TRUE
Kunkle_2019,PTK2B,rs17057043,0.120202509687331,8,27220310,0.0896,3.713e-09,8:27220310,FALSE,TRUE
Kunkle_2019,PTK2B,rs2322599,0.0800917623753009,8,27211910,0.0885,5.303e-09,8:27211910,FALSE,TRUE
Kunkle_2019,PTK2B,rs28834970,0.244875081948836,8,27195121,-0.0921,1.577e-09,8:27195121,FALSE,TRUE
Kunkle_2019,PTK2B,rs6987305,0.0861976558828461,8,27208126,0.0887,5.268e-09,8:27208126,FALSE,TRUE
Kunkle_2019,PTK2B,rs73223431,0.432316316359378,8,27219987,0.0936,8.342e-10,8:27219987,TRUE,TRUE
MESA_AFA,PTK2B,rs28834970,0.785776975965172,8,27195121,0.117086605839079,3.51396869215635e-10,8:27195121,TRUE,TRUE
MESA_AFA,PTK2B,rs73223431,0.206971456652461,8,27219987,0.113120363686402,1.16253648622488e-09,8:27219987,FALSE,TRUE
MESA_CAU,PTK2B,rs17057043,0.0799753504268982,8,27220310,0.102492853836629,7.30388684204207e-18,8:27220310,FALSE,TRUE
MESA_CAU,PTK2B,rs2322599,0.103135300091599,8,27211910,0.10156895252959,5.75149644169921e-18,8:27211910,FALSE,TRUE
MESA_CAU,PTK2B,rs28834970,0.35137186684006,8,27195121,0.105219283266005,1.81995039202226e-18,8:27195121,TRUE,TRUE
MESA_CAU,PTK2B,rs6987305,0.119988834809355,8,27208126,0.102434075153166,4.98927049684497e-18,8:27208126,FALSE,TRUE
MESA_CAU,PTK2B,rs73223431,0.345358798905073,8,27219987,0.104659331486762,1.84965729043369e-18,8:27219987,FALSE,TRUE
MESA_HIS,PTK2B,rs17057043,0.0615347558530504,8,27220310,0.0841594534153313,7.5019844579401e-09,8:27220310,FALSE,TRUE
MESA_HIS,PTK2B,rs17057051,0.106291577229587,8,27227554,0.0903881656111835,4.41495656807605e-09,8:27227554,FALSE,TRUE
MESA_HIS,PTK2B,rs28834970,0.112256167962878,8,27195121,0.0887869190284722,4.18757808669755e-09,8:27195121,FALSE,TRUE
MESA_HIS,PTK2B,rs6987305,0.0594398448505888,8,27208126,0.084372761719575,7.75870706277744e-09,8:27208126,FALSE,TRUE
MESA_HIS,PTK2B,rs73223431,0.464245729604978,8,27219987,0.091197866185474,1.0643751187526e-09,8:27219987,TRUE,TRUE
